date,year,n1,n2,n3,n4,n5,n6,div1_prize,div1_winners,url
2/7/2002,2002,4,26,31,33,36,38,0,0,https://lottery.hk/en/mark-six/results/2002-07-02
4/7/2002,2002,5,32,34,38,39,49,"28,389,625",1,https://lottery.hk/en/mark-six/results/2002-07-04
6/7/2002,2002,10,20,21,33,40,44,0,0,https://lottery.hk/en/mark-six/results/2002-07-06
9/7/2002,2002,10,20,26,28,35,48,"10,436,325",1,https://lottery.hk/en/mark-six/results/2002-07-09
11/7/2002,2002,14,19,23,36,44,46,0,0,https://lottery.hk/en/mark-six/results/2002-07-11
13/7/2002,2002,9,24,25,27,36,38,"9,130,400",1,https://lottery.hk/en/mark-six/results/2002-07-13
16/7/2002,2002,7,13,14,20,29,32,"5,377,455",1,https://lottery.hk/en/mark-six/results/2002-07-16
18/7/2002,2002,11,22,24,28,29,38,"1,666,665",3,https://lottery.hk/en/mark-six/results/2002-07-18
20/7/2002,2002,1,11,29,33,36,44,"5,000,000",1,https://lottery.hk/en/mark-six/results/2002-07-20
23/7/2002,2002,9,12,25,31,43,44,"5,000,000",1,https://lottery.hk/en/mark-six/results/2002-07-23
25/7/2002,2002,1,5,6,31,39,46,0,0,https://lottery.hk/en/mark-six/results/2002-07-25
27/7/2002,2002,1,23,25,32,43,44,0,0,https://lottery.hk/en/mark-six/results/2002-07-27
30/7/2002,2002,6,22,25,26,27,45,0,0,https://lottery.hk/en/mark-six/results/2002-07-30
1/8/2002,2002,3,7,11,22,28,36,0,0,https://lottery.hk/en/mark-six/results/2002-08-01
3/8/2002,2002,9,10,11,15,19,28,"24,019,040",1,https://lottery.hk/en/mark-six/results/2002-08-03
6/8/2002,2002,5,10,24,32,39,49,0,0,https://lottery.hk/en/mark-six/results/2002-08-06
8/8/2002,2002,5,15,26,27,28,35,"9,504,050",1,https://lottery.hk/en/mark-six/results/2002-08-08
10/8/2002,2002,5,28,29,31,44,46,"5,000,000",1,https://lottery.hk/en/mark-six/results/2002-08-10
13/8/2002,2002,7,14,26,32,41,49,0,0,https://lottery.hk/en/mark-six/results/2002-08-13
15/8/2002,2002,4,23,24,25,38,40,"9,650,470",1,https://lottery.hk/en/mark-six/results/2002-08-15
17/8/2002,2002,10,17,36,43,45,47,0,0,https://lottery.hk/en/mark-six/results/2002-08-17
20/8/2002,2002,2,6,16,26,36,41,"3,000,185",3,https://lottery.hk/en/mark-six/results/2002-08-20
22/8/2002,2002,1,3,8,25,43,46,0,0,https://lottery.hk/en/mark-six/results/2002-08-22
24/8/2002,2002,2,7,12,19,23,49,0,0,https://lottery.hk/en/mark-six/results/2002-08-24
27/8/2002,2002,22,24,28,33,36,39,"15,477,105",1,https://lottery.hk/en/mark-six/results/2002-08-27
29/8/2002,2002,3,7,31,32,35,47,0,0,https://lottery.hk/en/mark-six/results/2002-08-29
31/8/2002,2002,3,4,23,25,31,44,0,0,https://lottery.hk/en/mark-six/results/2002-08-31
3/9/2002,2002,10,37,40,42,43,46,0,0,https://lottery.hk/en/mark-six/results/2002-09-03
5/9/2002,2002,15,22,34,40,41,47,0,0,https://lottery.hk/en/mark-six/results/2002-09-05
10/9/2002,2002,8,14,16,22,37,46,"32,929,680",1,https://lottery.hk/en/mark-six/results/2002-09-10
12/9/2002,2002,11,23,32,33,43,48,0,0,https://lottery.hk/en/mark-six/results/2002-09-12
17/9/2002,2002,5,13,19,27,29,35,0,0,https://lottery.hk/en/mark-six/results/2002-09-17
20/9/2002,2002,15,19,25,34,38,44,0,0,https://lottery.hk/en/mark-six/results/2002-09-20
24/9/2002,2002,1,10,34,41,47,48,"25,480,810",2,https://lottery.hk/en/mark-six/results/2002-09-24
26/9/2002,2002,10,12,15,17,34,42,0,0,https://lottery.hk/en/mark-six/results/2002-09-26
30/9/2002,2002,7,15,24,41,47,49,0,0,https://lottery.hk/en/mark-six/results/2002-09-30
3/10/2002,2002,6,10,11,32,35,46,"19,309,895",1,https://lottery.hk/en/mark-six/results/2002-10-03
8/10/2002,2002,5,9,20,30,32,42,0,0,https://lottery.hk/en/mark-six/results/2002-10-08
10/10/2002,2002,5,9,18,25,47,48,0,0,https://lottery.hk/en/mark-six/results/2002-10-10
15/10/2002,2002,1,12,14,33,36,37,0,0,https://lottery.hk/en/mark-six/results/2002-10-15
17/10/2002,2002,5,7,16,37,42,44,0,0,https://lottery.hk/en/mark-six/results/2002-10-17
22/10/2002,2002,1,13,18,30,32,46,"35,288,735",1,https://lottery.hk/en/mark-six/results/2002-10-22
24/10/2002,2002,8,12,19,22,29,41,0,0,https://lottery.hk/en/mark-six/results/2002-10-24
29/10/2002,2002,8,10,14,25,43,44,0,0,https://lottery.hk/en/mark-six/results/2002-10-29
31/10/2002,2002,2,3,8,22,27,28,0,0,https://lottery.hk/en/mark-six/results/2002-10-31
4/11/2002,2002,1,3,12,23,31,48,"21,948,010",1,https://lottery.hk/en/mark-six/results/2002-11-04
7/11/2002,2002,6,7,29,32,42,46,"5,000,000",1,https://lottery.hk/en/mark-six/results/2002-11-07
12/11/2002,2002,5,8,9,26,33,38,"5,000,000",1,https://lottery.hk/en/mark-six/results/2002-11-12
14/11/2002,2002,2,6,14,25,45,49,0,0,https://lottery.hk/en/mark-six/results/2002-11-14
19/11/2002,2002,3,15,22,23,42,47,0,0,https://lottery.hk/en/mark-six/results/2002-11-19
21/11/2002,2002,4,16,18,25,29,41,0,0,https://lottery.hk/en/mark-six/results/2002-11-21
26/11/2002,2002,19,21,40,42,46,47,"27,987,140",1,https://lottery.hk/en/mark-six/results/2002-11-26
28/11/2002,2002,17,19,26,31,37,43,0,0,https://lottery.hk/en/mark-six/results/2002-11-28
3/12/2002,2002,9,11,14,17,24,28,0,0,https://lottery.hk/en/mark-six/results/2002-12-03
5/12/2002,2002,11,21,27,31,37,44,0,0,https://lottery.hk/en/mark-six/results/2002-12-05
10/12/2002,2002,5,36,37,38,46,49,0,0,https://lottery.hk/en/mark-six/results/2002-12-10
12/12/2002,2002,7,15,16,23,31,35,0,0,https://lottery.hk/en/mark-six/results/2002-12-12
17/12/2002,2002,6,18,39,40,41,42,0,0,https://lottery.hk/en/mark-six/results/2002-12-17
20/12/2002,2002,13,18,23,24,26,33,"34,312,220",2,https://lottery.hk/en/mark-six/results/2002-12-20
23/12/2002,2002,1,11,18,19,39,40,0,0,https://lottery.hk/en/mark-six/results/2002-12-23
27/12/2002,2002,10,14,22,34,40,43,0,0,https://lottery.hk/en/mark-six/results/2002-12-27
31/12/2002,2002,10,18,19,28,40,44,"2,691,330",4,https://lottery.hk/en/mark-six/results/2002-12-31
2/1/2003,2003,5,6,16,23,26,27,"5,000,000",1,https://lottery.hk/en/mark-six/results/2003-01-02
7/1/2003,2003,9,10,12,26,38,43,0,0,https://lottery.hk/en/mark-six/results/2003-01-07
9/1/2003,2003,8,17,21,22,23,49,0,0,https://lottery.hk/en/mark-six/results/2003-01-09
14/1/2003,2003,7,11,13,28,32,33,"5,023,900",3,https://lottery.hk/en/mark-six/results/2003-01-14
16/1/2003,2003,2,34,36,39,40,42,0,0,https://lottery.hk/en/mark-six/results/2003-01-16
21/1/2003,2003,16,20,21,43,44,49,"6,067,045",2,https://lottery.hk/en/mark-six/results/2003-01-21
23/1/2003,2003,6,14,23,27,36,38,0,0,https://lottery.hk/en/mark-six/results/2003-01-23
28/1/2003,2003,5,10,25,30,41,46,"28,714,610",2,https://lottery.hk/en/mark-six/results/2003-01-28
30/1/2003,2003,4,5,6,7,8,28,"1,000,000",5,https://lottery.hk/en/mark-six/results/2003-01-30
4/2/2003,2003,7,12,20,27,28,43,0,0,https://lottery.hk/en/mark-six/results/2003-02-04
6/2/2003,2003,4,11,18,26,31,46,0,0,https://lottery.hk/en/mark-six/results/2003-02-06
11/2/2003,2003,11,22,23,28,38,40,0,0,https://lottery.hk/en/mark-six/results/2003-02-11
13/2/2003,2003,4,8,12,24,39,40,"12,605,075",2,https://lottery.hk/en/mark-six/results/2003-02-13
18/2/2003,2003,10,16,19,20,40,49,0,0,https://lottery.hk/en/mark-six/results/2003-02-18
20/2/2003,2003,1,13,16,24,41,48,"12,422,390",1,https://lottery.hk/en/mark-six/results/2003-02-20
25/2/2003,2003,13,19,23,28,42,45,"5,607,430",1,https://lottery.hk/en/mark-six/results/2003-02-25
27/2/2003,2003,4,9,12,21,25,34,0,0,https://lottery.hk/en/mark-six/results/2003-02-27
4/3/2003,2003,9,32,33,38,42,44,"10,616,660",1,https://lottery.hk/en/mark-six/results/2003-03-04
6/3/2003,2003,15,20,35,40,45,48,"5,000,000",1,https://lottery.hk/en/mark-six/results/2003-03-06
11/3/2003,2003,10,20,22,31,35,39,0,0,https://lottery.hk/en/mark-six/results/2003-03-11
13/3/2003,2003,2,3,20,21,43,49,"11,655,195",1,https://lottery.hk/en/mark-six/results/2003-03-13
18/3/2003,2003,8,10,22,23,24,35,"5,740,445",1,https://lottery.hk/en/mark-six/results/2003-03-18
20/3/2003,2003,13,14,21,23,39,42,0,0,https://lottery.hk/en/mark-six/results/2003-03-20
25/3/2003,2003,13,23,28,30,34,42,0,0,https://lottery.hk/en/mark-six/results/2003-03-25
27/3/2003,2003,9,21,22,26,37,48,"16,455,605",1,https://lottery.hk/en/mark-six/results/2003-03-27
1/4/2003,2003,12,17,30,40,43,48,0,0,https://lottery.hk/en/mark-six/results/2003-04-01
3/4/2003,2003,21,29,32,38,41,43,"6,379,850",2,https://lottery.hk/en/mark-six/results/2003-04-03
8/4/2003,2003,6,11,13,24,40,47,0,0,https://lottery.hk/en/mark-six/results/2003-04-08
10/4/2003,2003,7,11,13,23,31,33,"1,519,175",5,https://lottery.hk/en/mark-six/results/2003-04-10
15/4/2003,2003,9,15,27,28,37,39,"15,371,670",2,https://lottery.hk/en/mark-six/results/2003-04-15
17/4/2003,2003,12,18,26,34,38,45,0,0,https://lottery.hk/en/mark-six/results/2003-04-17
22/4/2003,2003,7,14,26,27,31,36,0,0,https://lottery.hk/en/mark-six/results/2003-04-22
24/4/2003,2003,11,14,17,20,42,47,0,0,https://lottery.hk/en/mark-six/results/2003-04-24
29/4/2003,2003,19,30,37,41,47,49,0,0,https://lottery.hk/en/mark-six/results/2003-04-29
2/5/2003,2003,3,8,10,19,31,35,"18,573,370",2,https://lottery.hk/en/mark-six/results/2003-05-02
6/5/2003,2003,7,19,30,34,37,44,"5,489,670",1,https://lottery.hk/en/mark-six/results/2003-05-06
9/5/2003,2003,11,20,23,29,32,33,0,0,https://lottery.hk/en/mark-six/results/2003-05-09
13/5/2003,2003,9,17,20,29,34,35,0,0,https://lottery.hk/en/mark-six/results/2003-05-13
15/5/2003,2003,8,29,31,32,36,38,0,0,https://lottery.hk/en/mark-six/results/2003-05-15
20/5/2003,2003,6,28,39,40,43,45,"24,901,925",1,https://lottery.hk/en/mark-six/results/2003-05-20
22/5/2003,2003,8,14,17,23,28,43,"5,000,000",1,https://lottery.hk/en/mark-six/results/2003-05-22
27/5/2003,2003,1,27,28,29,31,49,"2,500,000",2,https://lottery.hk/en/mark-six/results/2003-05-27
29/5/2003,2003,13,16,19,31,39,47,0,0,https://lottery.hk/en/mark-six/results/2003-05-29
3/6/2003,2003,2,12,21,37,47,49,"58,188,295",1,https://lottery.hk/en/mark-six/results/2003-06-03
5/6/2003,2003,9,27,30,33,44,48,0,0,https://lottery.hk/en/mark-six/results/2003-06-05
10/6/2003,2003,10,19,26,30,32,44,"10,876,635",1,https://lottery.hk/en/mark-six/results/2003-06-10
12/6/2003,2003,3,14,27,31,38,44,0,0,https://lottery.hk/en/mark-six/results/2003-06-12
17/6/2003,2003,3,11,18,22,24,37,0,0,https://lottery.hk/en/mark-six/results/2003-06-17
19/6/2003,2003,3,4,10,24,26,47,0,0,https://lottery.hk/en/mark-six/results/2003-06-19
24/6/2003,2003,2,10,21,22,37,44,0,0,https://lottery.hk/en/mark-six/results/2003-06-24
26/6/2003,2003,7,9,26,29,37,40,"41,611,480",1,https://lottery.hk/en/mark-six/results/2003-06-26
30/6/2003,2003,14,16,18,32,44,47,0,0,https://lottery.hk/en/mark-six/results/2003-06-30
3/7/2003,2003,5,6,12,20,39,47,0,0,https://lottery.hk/en/mark-six/results/2003-07-03
5/7/2003,2003,1,12,13,16,36,46,0,0,https://lottery.hk/en/mark-six/results/2003-07-05
8/7/2003,2003,1,6,15,21,23,33,"24,852,015",1,https://lottery.hk/en/mark-six/results/2003-07-08
10/7/2003,2003,24,28,29,30,42,49,0,0,https://lottery.hk/en/mark-six/results/2003-07-10
12/7/2003,2003,14,17,28,31,37,43,0,0,https://lottery.hk/en/mark-six/results/2003-07-12
15/7/2003,2003,1,4,5,7,9,27,"908,250",11,https://lottery.hk/en/mark-six/results/2003-07-15
17/7/2003,2003,12,16,21,24,30,39,0,0,https://lottery.hk/en/mark-six/results/2003-07-17
19/7/2003,2003,5,7,10,23,31,34,0,0,https://lottery.hk/en/mark-six/results/2003-07-19
22/7/2003,2003,2,6,9,14,17,29,0,0,https://lottery.hk/en/mark-six/results/2003-07-22
24/7/2003,2003,18,24,26,29,30,46,0,0,https://lottery.hk/en/mark-six/results/2003-07-24
26/7/2003,2003,12,14,25,30,34,35,"34,566,180",2,https://lottery.hk/en/mark-six/results/2003-07-26
29/7/2003,2003,2,5,6,11,20,34,0,0,https://lottery.hk/en/mark-six/results/2003-07-29
31/7/2003,2003,5,15,17,18,24,47,0,0,https://lottery.hk/en/mark-six/results/2003-07-31
2/8/2003,2003,16,29,31,33,36,38,0,0,https://lottery.hk/en/mark-six/results/2003-08-02
5/8/2003,2003,2,22,39,41,42,45,0,0,https://lottery.hk/en/mark-six/results/2003-08-05
7/8/2003,2003,2,12,17,31,37,40,0,0,https://lottery.hk/en/mark-six/results/2003-08-07
9/8/2003,2003,16,17,26,28,40,42,"47,806,530",1,https://lottery.hk/en/mark-six/results/2003-08-09
12/8/2003,2003,6,9,18,26,33,38,"5,000,000",1,https://lottery.hk/en/mark-six/results/2003-08-12
14/8/2003,2003,2,11,17,18,20,27,0,0,https://lottery.hk/en/mark-six/results/2003-08-14
16/8/2003,2003,2,3,6,8,25,39,"8,222,200",1,https://lottery.hk/en/mark-six/results/2003-08-16
19/8/2003,2003,13,16,20,30,36,47,0,0,https://lottery.hk/en/mark-six/results/2003-08-19
21/8/2003,2003,9,10,18,21,36,45,"4,832,790",2,https://lottery.hk/en/mark-six/results/2003-08-21
23/8/2003,2003,8,14,31,33,36,42,0,0,https://lottery.hk/en/mark-six/results/2003-08-23
26/8/2003,2003,7,10,21,25,37,39,"9,990,710",1,https://lottery.hk/en/mark-six/results/2003-08-26
28/8/2003,2003,5,6,27,28,36,41,0,0,https://lottery.hk/en/mark-six/results/2003-08-28
30/8/2003,2003,15,16,17,22,25,28,0,0,https://lottery.hk/en/mark-six/results/2003-08-30
4/9/2003,2003,1,4,17,26,38,44,0,0,https://lottery.hk/en/mark-six/results/2003-09-04
9/9/2003,2003,7,12,21,28,31,41,0,0,https://lottery.hk/en/mark-six/results/2003-09-09
12/9/2003,2003,1,5,21,28,35,41,"70,962,580",1,https://lottery.hk/en/mark-six/results/2003-09-12
16/9/2003,2003,2,4,13,43,48,49,0,0,https://lottery.hk/en/mark-six/results/2003-09-16
18/9/2003,2003,4,5,14,18,28,31,"3,422,710",3,https://lottery.hk/en/mark-six/results/2003-09-18
20/9/2003,2003,2,3,9,13,31,43,0,0,https://lottery.hk/en/mark-six/results/2003-09-20
23/9/2003,2003,2,13,20,22,39,49,0,0,https://lottery.hk/en/mark-six/results/2003-09-23
25/9/2003,2003,2,7,9,40,41,42,0,0,https://lottery.hk/en/mark-six/results/2003-09-25
30/9/2003,2003,10,18,24,27,28,38,"8,079,520",3,https://lottery.hk/en/mark-six/results/2003-09-30
2/10/2003,2003,4,7,10,15,19,39,0,0,https://lottery.hk/en/mark-six/results/2003-10-02
4/10/2003,2003,8,23,31,33,41,47,0,0,https://lottery.hk/en/mark-six/results/2003-10-04
7/10/2003,2003,17,28,33,38,42,47,0,0,https://lottery.hk/en/mark-six/results/2003-10-07
9/10/2003,2003,19,23,31,40,44,47,"25,879,705",1,https://lottery.hk/en/mark-six/results/2003-10-09
14/10/2003,2003,9,16,30,31,32,37,"2,500,000",2,https://lottery.hk/en/mark-six/results/2003-10-14
16/10/2003,2003,6,27,36,38,43,49,0,0,https://lottery.hk/en/mark-six/results/2003-10-16
18/10/2003,2003,14,20,26,39,40,42,"7,275,605",4,https://lottery.hk/en/mark-six/results/2003-10-18
21/10/2003,2003,24,25,35,41,44,47,"2,500,000",2,https://lottery.hk/en/mark-six/results/2003-10-21
23/10/2003,2003,7,10,15,21,30,43,0,0,https://lottery.hk/en/mark-six/results/2003-10-23
28/10/2003,2003,7,21,25,42,47,49,0,0,https://lottery.hk/en/mark-six/results/2003-10-28
30/10/2003,2003,10,11,17,19,39,45,"17,616,920",1,https://lottery.hk/en/mark-six/results/2003-10-30
1/11/2003,2003,4,8,12,15,23,33,"5,000,000",1,https://lottery.hk/en/mark-six/results/2003-11-01
3/11/2003,2003,6,9,18,22,31,41,0,0,https://lottery.hk/en/mark-six/results/2003-11-03
6/11/2003,2003,5,6,14,27,28,49,"10,482,160",1,https://lottery.hk/en/mark-six/results/2003-11-06
11/11/2003,2003,1,4,19,28,37,49,0,0,https://lottery.hk/en/mark-six/results/2003-11-11
14/11/2003,2003,25,28,29,37,44,48,0,0,https://lottery.hk/en/mark-six/results/2003-11-14
18/11/2003,2003,11,14,22,24,34,48,0,0,https://lottery.hk/en/mark-six/results/2003-11-18
20/11/2003,2003,18,25,31,34,35,37,0,0,https://lottery.hk/en/mark-six/results/2003-11-20
25/11/2003,2003,11,13,30,39,41,48,"34,614,315",1,https://lottery.hk/en/mark-six/results/2003-11-25
27/11/2003,2003,7,10,15,38,45,49,0,0,https://lottery.hk/en/mark-six/results/2003-11-27
29/11/2003,2003,2,3,4,14,44,46,"4,711,145",2,https://lottery.hk/en/mark-six/results/2003-11-29
2/12/2003,2003,8,12,18,23,41,48,"5,000,000",1,https://lottery.hk/en/mark-six/results/2003-12-02
4/12/2003,2003,2,3,8,19,25,39,"5,000,000",1,https://lottery.hk/en/mark-six/results/2003-12-04
9/12/2003,2003,10,15,20,31,35,48,0,0,https://lottery.hk/en/mark-six/results/2003-12-09
11/12/2003,2003,1,14,19,22,31,35,"3,421,150",3,https://lottery.hk/en/mark-six/results/2003-12-11
13/12/2003,2003,6,13,22,29,33,42,0,0,https://lottery.hk/en/mark-six/results/2003-12-13
16/12/2003,2003,11,13,33,36,37,48,"9,854,855",1,https://lottery.hk/en/mark-six/results/2003-12-16
18/12/2003,2003,23,24,31,33,42,44,"5,000,000",1,https://lottery.hk/en/mark-six/results/2003-12-18
23/12/2003,2003,5,17,19,34,42,48,"41,657,375",1,https://lottery.hk/en/mark-six/results/2003-12-23
30/12/2003,2003,1,22,36,38,39,47,0,0,https://lottery.hk/en/mark-six/results/2003-12-30
3/1/2004,2004,3,31,33,36,39,49,"10,817,455",1,https://lottery.hk/en/mark-six/results/2004-01-03
6/1/2004,2004,7,14,17,22,29,43,"5,000,000",1,https://lottery.hk/en/mark-six/results/2004-01-06
8/1/2004,2004,14,26,33,39,40,43,0,0,https://lottery.hk/en/mark-six/results/2004-01-08
13/1/2004,2004,30,34,39,43,48,49,0,0,https://lottery.hk/en/mark-six/results/2004-01-13
15/1/2004,2004,8,9,13,31,40,48,"8,783,245",2,https://lottery.hk/en/mark-six/results/2004-01-15
17/1/2004,2004,3,5,19,26,32,49,0,0,https://lottery.hk/en/mark-six/results/2004-01-17
20/1/2004,2004,5,6,9,28,31,32,"27,111,420",2,https://lottery.hk/en/mark-six/results/2004-01-20
27/1/2004,2004,10,13,18,29,40,41,0,0,https://lottery.hk/en/mark-six/results/2004-01-27
29/1/2004,2004,21,22,24,27,31,42,"11,714,825",1,https://lottery.hk/en/mark-six/results/2004-01-29
31/1/2004,2004,1,29,30,32,41,46,0,0,https://lottery.hk/en/mark-six/results/2004-01-31
3/2/2004,2004,4,10,43,45,46,48,"11,080,580",1,https://lottery.hk/en/mark-six/results/2004-02-03
5/2/2004,2004,12,22,29,35,43,48,"5,000,000",1,https://lottery.hk/en/mark-six/results/2004-02-05
10/2/2004,2004,20,22,32,37,39,44,"5,638,790",1,https://lottery.hk/en/mark-six/results/2004-02-10
12/2/2004,2004,9,17,21,22,31,32,0,0,https://lottery.hk/en/mark-six/results/2004-02-12
14/2/2004,2004,4,13,15,28,45,49,0,0,https://lottery.hk/en/mark-six/results/2004-02-14
17/2/2004,2004,7,15,20,28,38,41,0,0,https://lottery.hk/en/mark-six/results/2004-02-17
19/2/2004,2004,3,6,9,14,26,40,"12,880,880",2,https://lottery.hk/en/mark-six/results/2004-02-19
21/2/2004,2004,7,22,24,25,40,41,0,0,https://lottery.hk/en/mark-six/results/2004-02-21
24/2/2004,2004,2,3,4,8,16,18,"1,264,590",5,https://lottery.hk/en/mark-six/results/2004-02-24
26/2/2004,2004,1,9,14,39,45,48,0,0,https://lottery.hk/en/mark-six/results/2004-02-26
2/3/2004,2004,8,20,33,36,46,49,"10,803,540",1,https://lottery.hk/en/mark-six/results/2004-03-02
4/3/2004,2004,1,19,20,34,42,43,0,0,https://lottery.hk/en/mark-six/results/2004-03-04
6/3/2004,2004,9,10,26,31,35,41,"30,397,005",1,https://lottery.hk/en/mark-six/results/2004-03-06
9/3/2004,2004,10,21,26,30,31,42,0,0,https://lottery.hk/en/mark-six/results/2004-03-09
11/3/2004,2004,14,23,33,35,36,43,0,0,https://lottery.hk/en/mark-six/results/2004-03-11
16/3/2004,2004,7,10,18,23,37,39,0,0,https://lottery.hk/en/mark-six/results/2004-03-16
18/3/2004,2004,2,3,4,25,36,47,0,0,https://lottery.hk/en/mark-six/results/2004-03-18
20/3/2004,2004,6,21,28,36,44,49,0,0,https://lottery.hk/en/mark-six/results/2004-03-20
23/3/2004,2004,4,5,17,20,28,39,"26,595,530",2,https://lottery.hk/en/mark-six/results/2004-03-23
25/3/2004,2004,7,10,13,21,22,23,0,0,https://lottery.hk/en/mark-six/results/2004-03-25
30/3/2004,2004,9,11,21,27,37,45,"2,587,115",4,https://lottery.hk/en/mark-six/results/2004-03-30
2/4/2004,2004,11,12,13,22,26,31,"30,315,305",1,https://lottery.hk/en/mark-six/results/2004-04-02
6/4/2004,2004,3,7,13,25,31,33,0,0,https://lottery.hk/en/mark-six/results/2004-04-06
8/4/2004,2004,1,7,13,32,37,48,0,0,https://lottery.hk/en/mark-six/results/2004-04-08
10/4/2004,2004,9,12,17,42,47,49,0,0,https://lottery.hk/en/mark-six/results/2004-04-10
13/4/2004,2004,1,23,24,30,47,49,0,0,https://lottery.hk/en/mark-six/results/2004-04-13
15/4/2004,2004,23,31,34,43,45,47,"39,438,225",1,https://lottery.hk/en/mark-six/results/2004-04-15
20/4/2004,2004,6,9,12,19,22,25,"1,250,000",4,https://lottery.hk/en/mark-six/results/2004-04-20
22/4/2004,2004,8,32,36,39,44,46,"5,000,000",1,https://lottery.hk/en/mark-six/results/2004-04-22
24/4/2004,2004,24,30,39,43,44,48,"41,393,225",1,https://lottery.hk/en/mark-six/results/2004-04-24
27/4/2004,2004,7,11,15,29,46,49,0,0,https://lottery.hk/en/mark-six/results/2004-04-27
29/4/2004,2004,4,19,26,30,31,34,"10,517,185",1,https://lottery.hk/en/mark-six/results/2004-04-29
4/5/2004,2004,16,21,29,37,46,47,"5,568,805",1,https://lottery.hk/en/mark-six/results/2004-05-04
6/5/2004,2004,8,28,33,36,38,47,0,0,https://lottery.hk/en/mark-six/results/2004-05-06
11/5/2004,2004,7,11,13,22,24,37,0,0,https://lottery.hk/en/mark-six/results/2004-05-11
13/5/2004,2004,9,13,21,37,40,48,"7,838,200",2,https://lottery.hk/en/mark-six/results/2004-05-13
15/5/2004,2004,7,8,15,27,34,49,0,0,https://lottery.hk/en/mark-six/results/2004-05-15
18/5/2004,2004,10,21,23,30,43,49,0,0,https://lottery.hk/en/mark-six/results/2004-05-18
20/5/2004,2004,4,18,31,40,45,47,0,0,https://lottery.hk/en/mark-six/results/2004-05-20
25/5/2004,2004,14,23,27,37,40,45,"33,282,950",1,https://lottery.hk/en/mark-six/results/2004-05-25
27/5/2004,2004,2,16,19,24,48,49,0,0,https://lottery.hk/en/mark-six/results/2004-05-27
29/5/2004,2004,3,10,20,27,40,46,0,0,https://lottery.hk/en/mark-six/results/2004-05-29
1/6/2004,2004,9,27,32,38,39,43,0,0,https://lottery.hk/en/mark-six/results/2004-06-01
3/6/2004,2004,13,33,37,40,41,47,0,0,https://lottery.hk/en/mark-six/results/2004-06-03
5/6/2004,2004,6,8,12,29,32,40,0,0,https://lottery.hk/en/mark-six/results/2004-06-05
8/6/2004,2004,7,18,28,29,37,49,0,0,https://lottery.hk/en/mark-six/results/2004-06-08
11/6/2004,2004,11,16,26,42,43,48,"30,634,315",2,https://lottery.hk/en/mark-six/results/2004-06-11
15/6/2004,2004,3,7,13,20,36,48,"31,421,355",1,https://lottery.hk/en/mark-six/results/2004-06-15
17/6/2004,2004,5,9,18,21,28,32,"5,000,000",1,https://lottery.hk/en/mark-six/results/2004-06-17
19/6/2004,2004,28,34,38,41,46,48,"5,000,000",1,https://lottery.hk/en/mark-six/results/2004-06-19
24/6/2004,2004,3,5,6,11,13,40,0,0,https://lottery.hk/en/mark-six/results/2004-06-24
26/6/2004,2004,7,21,23,29,33,44,0,0,https://lottery.hk/en/mark-six/results/2004-06-26
29/6/2004,2004,3,7,9,14,25,44,0,0,https://lottery.hk/en/mark-six/results/2004-06-29
1/7/2004,2004,11,25,32,33,37,42,0,0,https://lottery.hk/en/mark-six/results/2004-07-01
3/7/2004,2004,2,16,18,35,48,49,"29,631,150",1,https://lottery.hk/en/mark-six/results/2004-07-03
6/7/2004,2004,9,22,37,40,42,48,0,0,https://lottery.hk/en/mark-six/results/2004-07-06
8/7/2004,2004,3,6,8,13,28,36,"2,091,065",4,https://lottery.hk/en/mark-six/results/2004-07-08
10/7/2004,2004,1,6,7,12,36,42,0,0,https://lottery.hk/en/mark-six/results/2004-07-10
13/7/2004,2004,1,3,13,18,21,35,0,0,https://lottery.hk/en/mark-six/results/2004-07-13
15/7/2004,2004,6,30,31,37,38,43,0,0,https://lottery.hk/en/mark-six/results/2004-07-15
17/7/2004,2004,7,9,18,32,48,49,"4,373,205",4,https://lottery.hk/en/mark-six/results/2004-07-17
20/7/2004,2004,6,8,12,21,32,43,"28,522,265",1,https://lottery.hk/en/mark-six/results/2004-07-20
22/7/2004,2004,1,6,7,8,24,42,"5,000,000",1,https://lottery.hk/en/mark-six/results/2004-07-22
24/7/2004,2004,10,18,22,34,36,37,0,0,https://lottery.hk/en/mark-six/results/2004-07-24
27/7/2004,2004,1,2,20,34,35,43,0,0,https://lottery.hk/en/mark-six/results/2004-07-27
29/7/2004,2004,1,16,26,31,35,36,"5,703,260",3,https://lottery.hk/en/mark-six/results/2004-07-29
31/7/2004,2004,13,14,32,40,43,48,0,0,https://lottery.hk/en/mark-six/results/2004-07-31
3/8/2004,2004,7,14,27,29,37,49,"5,168,395",2,https://lottery.hk/en/mark-six/results/2004-08-03
5/8/2004,2004,8,13,27,39,40,45,0,0,https://lottery.hk/en/mark-six/results/2004-08-05
7/8/2004,2004,8,16,27,39,40,48,0,0,https://lottery.hk/en/mark-six/results/2004-08-07
10/8/2004,2004,16,17,27,44,45,47,"18,981,520",1,https://lottery.hk/en/mark-six/results/2004-08-10
12/8/2004,2004,19,21,22,34,48,49,0,0,https://lottery.hk/en/mark-six/results/2004-08-12
14/8/2004,2004,1,5,16,22,30,34,0,0,https://lottery.hk/en/mark-six/results/2004-08-14
17/8/2004,2004,27,29,30,39,40,42,"18,575,390",1,https://lottery.hk/en/mark-six/results/2004-08-17
19/8/2004,2004,12,19,24,27,36,44,0,0,https://lottery.hk/en/mark-six/results/2004-08-19
21/8/2004,2004,14,23,26,28,36,37,0,0,https://lottery.hk/en/mark-six/results/2004-08-21
24/8/2004,2004,10,14,17,30,36,45,0,0,https://lottery.hk/en/mark-six/results/2004-08-24
26/8/2004,2004,2,9,19,30,36,37,"23,142,240",1,https://lottery.hk/en/mark-six/results/2004-08-26
28/8/2004,2004,1,30,33,42,44,48,0,0,https://lottery.hk/en/mark-six/results/2004-08-28
31/8/2004,2004,5,16,17,18,23,27,0,0,https://lottery.hk/en/mark-six/results/2004-08-31
2/9/2004,2004,1,5,11,22,32,45,0,0,https://lottery.hk/en/mark-six/results/2004-09-02
4/9/2004,2004,15,17,18,21,28,37,0,0,https://lottery.hk/en/mark-six/results/2004-09-04
7/9/2004,2004,3,4,16,19,32,45,0,0,https://lottery.hk/en/mark-six/results/2004-09-07
10/9/2004,2004,20,23,27,38,40,47,0,0,https://lottery.hk/en/mark-six/results/2004-09-10
14/9/2004,2004,3,7,10,21,30,36,"10,249,145",7,https://lottery.hk/en/mark-six/results/2004-09-14
16/9/2004,2004,11,12,18,20,27,42,0,0,https://lottery.hk/en/mark-six/results/2004-09-16
18/9/2004,2004,7,20,24,30,38,41,"10,161,015",1,https://lottery.hk/en/mark-six/results/2004-09-18
21/9/2004,2004,1,3,30,33,35,42,0,0,https://lottery.hk/en/mark-six/results/2004-09-21
24/9/2004,2004,11,14,17,30,42,46,"44,488,370",1,https://lottery.hk/en/mark-six/results/2004-09-24
26/9/2004,2004,7,15,17,28,40,41,0,0,https://lottery.hk/en/mark-six/results/2004-09-26
28/9/2004,2004,22,28,31,36,39,49,"10,351,655",1,https://lottery.hk/en/mark-six/results/2004-09-28
30/9/2004,2004,12,13,14,20,23,28,0,0,https://lottery.hk/en/mark-six/results/2004-09-30
2/10/2004,2004,3,13,15,39,43,44,0,0,https://lottery.hk/en/mark-six/results/2004-10-02
5/10/2004,2004,4,12,14,22,46,48,"16,608,270",1,https://lottery.hk/en/mark-six/results/2004-10-05
7/10/2004,2004,18,19,33,43,45,48,0,0,https://lottery.hk/en/mark-six/results/2004-10-07
10/10/2004,2004,4,16,24,26,32,39,0,0,https://lottery.hk/en/mark-six/results/2004-10-10
12/10/2004,2004,4,6,20,35,37,39,0,0,https://lottery.hk/en/mark-six/results/2004-10-12
14/10/2004,2004,7,17,27,29,30,34,"3,078,825",7,https://lottery.hk/en/mark-six/results/2004-10-14
16/10/2004,2004,7,12,20,33,43,44,"5,000,000",1,https://lottery.hk/en/mark-six/results/2004-10-16
19/10/2004,2004,5,17,21,27,31,41,"5,000,000",1,https://lottery.hk/en/mark-six/results/2004-10-19
21/10/2004,2004,12,27,30,31,34,48,0,0,https://lottery.hk/en/mark-six/results/2004-10-21
24/10/2004,2004,11,15,24,25,26,33,0,0,https://lottery.hk/en/mark-six/results/2004-10-24
26/10/2004,2004,6,24,30,43,44,45,0,0,https://lottery.hk/en/mark-six/results/2004-10-26
28/10/2004,2004,1,12,26,27,36,49,"11,156,610",2,https://lottery.hk/en/mark-six/results/2004-10-28
31/10/2004,2004,14,21,23,30,33,37,"13,871,915",2,https://lottery.hk/en/mark-six/results/2004-10-31
4/11/2004,2004,7,18,19,25,42,45,0,0,https://lottery.hk/en/mark-six/results/2004-11-04
7/11/2004,2004,2,13,17,33,38,42,0,0,https://lottery.hk/en/mark-six/results/2004-11-07
9/11/2004,2004,2,5,12,21,30,31,0,0,https://lottery.hk/en/mark-six/results/2004-11-09
11/11/2004,2004,7,9,12,13,16,33,0,0,https://lottery.hk/en/mark-six/results/2004-11-11
13/11/2004,2004,7,9,22,38,39,49,0,0,https://lottery.hk/en/mark-six/results/2004-11-13
16/11/2004,2004,7,15,23,30,34,41,0,0,https://lottery.hk/en/mark-six/results/2004-11-16
18/11/2004,2004,3,11,12,13,26,28,"23,367,270",2,https://lottery.hk/en/mark-six/results/2004-11-18
20/11/2004,2004,6,26,30,34,40,43,"5,000,000",1,https://lottery.hk/en/mark-six/results/2004-11-20
23/11/2004,2004,10,15,16,21,25,38,0,0,https://lottery.hk/en/mark-six/results/2004-11-23
25/11/2004,2004,17,19,21,35,40,49,0,0,https://lottery.hk/en/mark-six/results/2004-11-25
27/11/2004,2004,9,21,28,30,34,44,0,0,https://lottery.hk/en/mark-six/results/2004-11-27
30/11/2004,2004,8,21,29,31,38,42,"24,068,470",1,https://lottery.hk/en/mark-six/results/2004-11-30
2/12/2004,2004,3,9,10,27,31,36,0,0,https://lottery.hk/en/mark-six/results/2004-12-02
5/12/2004,2004,6,10,13,24,31,46,0,0,https://lottery.hk/en/mark-six/results/2004-12-05
7/12/2004,2004,16,25,26,42,44,48,"16,971,795",1,https://lottery.hk/en/mark-six/results/2004-12-07
9/12/2004,2004,4,28,36,43,46,49,0,0,https://lottery.hk/en/mark-six/results/2004-12-09
11/12/2004,2004,3,9,31,36,37,45,0,0,https://lottery.hk/en/mark-six/results/2004-12-11
14/12/2004,2004,3,19,22,25,31,48,0,0,https://lottery.hk/en/mark-six/results/2004-12-14
17/12/2004,2004,6,11,14,26,46,47,"42,444,960",1,https://lottery.hk/en/mark-six/results/2004-12-17
19/12/2004,2004,1,24,25,32,34,39,0,0,https://lottery.hk/en/mark-six/results/2004-12-19
21/12/2004,2004,2,20,36,45,48,49,0,0,https://lottery.hk/en/mark-six/results/2004-12-21
23/12/2004,2004,1,10,12,16,43,45,0,0,https://lottery.hk/en/mark-six/results/2004-12-23
25/12/2004,2004,2,15,28,30,37,41,0,0,https://lottery.hk/en/mark-six/results/2004-12-25
28/12/2004,2004,5,9,35,38,43,48,"33,486,340",1,https://lottery.hk/en/mark-six/results/2004-12-28
30/12/2004,2004,17,20,28,34,38,47,0,0,https://lottery.hk/en/mark-six/results/2004-12-30
2/1/2005,2005,11,18,32,36,39,43,"9,823,555",1,https://lottery.hk/en/mark-six/results/2005-01-02
4/1/2005,2005,4,5,6,8,20,38,"2,500,000",2,https://lottery.hk/en/mark-six/results/2005-01-04
6/1/2005,2005,3,6,10,14,40,42,0,0,https://lottery.hk/en/mark-six/results/2005-01-06
9/1/2005,2005,10,30,38,42,45,49,0,0,https://lottery.hk/en/mark-six/results/2005-01-09
11/1/2005,2005,5,6,11,25,35,40,0,0,https://lottery.hk/en/mark-six/results/2005-01-11
13/1/2005,2005,16,24,27,30,42,46,0,0,https://lottery.hk/en/mark-six/results/2005-01-13
15/1/2005,2005,9,10,14,16,25,49,"31,151,470",1,https://lottery.hk/en/mark-six/results/2005-01-15
18/1/2005,2005,5,13,18,20,21,26,"7,493,755",1,https://lottery.hk/en/mark-six/results/2005-01-18
20/1/2005,2005,9,13,21,28,33,46,0,0,https://lottery.hk/en/mark-six/results/2005-01-20
22/1/2005,2005,5,7,13,19,35,46,0,0,https://lottery.hk/en/mark-six/results/2005-01-22
25/1/2005,2005,15,20,31,34,37,48,0,0,https://lottery.hk/en/mark-six/results/2005-01-25
27/1/2005,2005,3,6,7,15,26,35,"23,949,030",1,https://lottery.hk/en/mark-six/results/2005-01-27
29/1/2005,2005,2,9,18,19,28,33,"2,500,000",2,https://lottery.hk/en/mark-six/results/2005-01-29
1/2/2005,2005,9,18,23,33,44,49,0,0,https://lottery.hk/en/mark-six/results/2005-02-01
4/2/2005,2005,2,19,20,33,37,48,0,0,https://lottery.hk/en/mark-six/results/2005-02-04
7/2/2005,2005,9,21,36,38,43,49,"35,971,345",2,https://lottery.hk/en/mark-six/results/2005-02-07
10/2/2005,2005,2,8,20,21,40,41,0,0,https://lottery.hk/en/mark-six/results/2005-02-10
12/2/2005,2005,11,13,16,19,25,32,"5,104,950",2,https://lottery.hk/en/mark-six/results/2005-02-12
15/2/2005,2005,5,8,27,28,33,46,0,0,https://lottery.hk/en/mark-six/results/2005-02-15
17/2/2005,2005,8,13,16,42,45,47,0,0,https://lottery.hk/en/mark-six/results/2005-02-17
19/2/2005,2005,2,18,28,42,45,49,"10,158,305",2,https://lottery.hk/en/mark-six/results/2005-02-19
22/2/2005,2005,2,16,20,32,35,41,0,0,https://lottery.hk/en/mark-six/results/2005-02-22
24/2/2005,2005,6,22,25,39,41,49,0,0,https://lottery.hk/en/mark-six/results/2005-02-24
26/2/2005,2005,1,16,36,41,42,44,"17,777,355",1,https://lottery.hk/en/mark-six/results/2005-02-26
1/3/2005,2005,3,7,12,25,33,35,0,0,https://lottery.hk/en/mark-six/results/2005-03-01
3/3/2005,2005,2,5,25,31,40,43,0,0,https://lottery.hk/en/mark-six/results/2005-03-03
6/3/2005,2005,2,10,16,35,37,45,0,0,https://lottery.hk/en/mark-six/results/2005-03-06
8/3/2005,2005,4,8,17,39,47,48,0,0,https://lottery.hk/en/mark-six/results/2005-03-08
10/3/2005,2005,3,7,8,24,42,49,"35,478,405",1,https://lottery.hk/en/mark-six/results/2005-03-10
12/3/2005,2005,3,6,8,11,28,31,"1,666,665",3,https://lottery.hk/en/mark-six/results/2005-03-12
15/3/2005,2005,2,6,27,44,45,49,"5,006,035",1,https://lottery.hk/en/mark-six/results/2005-03-15
18/3/2005,2005,2,22,25,30,44,48,"8,231,790",4,https://lottery.hk/en/mark-six/results/2005-03-18
20/3/2005,2005,1,9,21,35,36,47,0,0,https://lottery.hk/en/mark-six/results/2005-03-20
22/3/2005,2005,2,9,10,13,15,24,"9,303,425",1,https://lottery.hk/en/mark-six/results/2005-03-22
24/3/2005,2005,2,10,13,22,24,25,"2,500,000",2,https://lottery.hk/en/mark-six/results/2005-03-24
27/3/2005,2005,2,5,10,14,29,37,0,0,https://lottery.hk/en/mark-six/results/2005-03-27
29/3/2005,2005,6,9,13,21,46,47,0,0,https://lottery.hk/en/mark-six/results/2005-03-29
31/3/2005,2005,2,12,14,38,39,43,0,0,https://lottery.hk/en/mark-six/results/2005-03-31
2/4/2005,2005,11,12,17,22,31,43,0,0,https://lottery.hk/en/mark-six/results/2005-04-02
5/4/2005,2005,10,15,25,29,34,37,"17,206,260",2,https://lottery.hk/en/mark-six/results/2005-04-05
7/4/2005,2005,1,5,24,25,35,49,"2,500,000",2,https://lottery.hk/en/mark-six/results/2005-04-07
10/4/2005,2005,3,5,14,40,46,49,"2,500,000",2,https://lottery.hk/en/mark-six/results/2005-04-10
12/4/2005,2005,9,10,22,23,28,36,"2,500,000",2,https://lottery.hk/en/mark-six/results/2005-04-12
14/4/2005,2005,12,17,33,43,45,47,0,0,https://lottery.hk/en/mark-six/results/2005-04-14
17/4/2005,2005,11,15,19,29,42,49,"30,196,300",1,https://lottery.hk/en/mark-six/results/2005-04-17
19/4/2005,2005,4,9,22,30,33,35,0,0,https://lottery.hk/en/mark-six/results/2005-04-19
21/4/2005,2005,2,3,13,14,17,38,0,0,https://lottery.hk/en/mark-six/results/2005-04-21
23/4/2005,2005,3,9,27,31,38,45,"14,571,150",1,https://lottery.hk/en/mark-six/results/2005-04-23
26/4/2005,2005,12,13,30,36,39,47,0,0,https://lottery.hk/en/mark-six/results/2005-04-26
28/4/2005,2005,2,8,22,36,38,40,"3,442,325",3,https://lottery.hk/en/mark-six/results/2005-04-28
30/4/2005,2005,13,16,21,30,36,37,0,0,https://lottery.hk/en/mark-six/results/2005-04-30
3/5/2005,2005,2,8,16,25,33,37,"5,231,640",2,https://lottery.hk/en/mark-six/results/2005-05-03
5/5/2005,2005,9,20,21,22,30,48,0,0,https://lottery.hk/en/mark-six/results/2005-05-05
8/5/2005,2005,7,9,10,21,39,49,"10,132,970",1,https://lottery.hk/en/mark-six/results/2005-05-08
10/5/2005,2005,4,11,14,20,36,41,"5,000,000",1,https://lottery.hk/en/mark-six/results/2005-05-10
12/5/2005,2005,2,14,16,23,35,38,0,0,https://lottery.hk/en/mark-six/results/2005-05-12
15/5/2005,2005,7,12,18,33,44,45,"9,256,990",1,https://lottery.hk/en/mark-six/results/2005-05-15
17/5/2005,2005,3,14,17,32,39,42,0,0,https://lottery.hk/en/mark-six/results/2005-05-17
19/5/2005,2005,16,18,23,31,34,47,0,0,https://lottery.hk/en/mark-six/results/2005-05-19
22/5/2005,2005,5,6,10,16,20,21,0,0,https://lottery.hk/en/mark-six/results/2005-05-22
24/5/2005,2005,1,11,18,22,23,42,"18,737,235",1,https://lottery.hk/en/mark-six/results/2005-05-24
26/5/2005,2005,12,33,39,43,45,49,0,0,https://lottery.hk/en/mark-six/results/2005-05-26
28/5/2005,2005,17,22,23,26,28,46,0,0,https://lottery.hk/en/mark-six/results/2005-05-28
31/5/2005,2005,11,16,17,19,24,43,0,0,https://lottery.hk/en/mark-six/results/2005-05-31
2/6/2005,2005,4,17,20,33,39,43,0,0,https://lottery.hk/en/mark-six/results/2005-06-02
4/6/2005,2005,4,20,32,39,40,42,"17,013,620",2,https://lottery.hk/en/mark-six/results/2005-06-04
7/6/2005,2005,10,11,18,26,41,48,0,0,https://lottery.hk/en/mark-six/results/2005-06-07
9/6/2005,2005,3,13,27,29,36,37,"22,520,385",2,https://lottery.hk/en/mark-six/results/2005-06-09
11/6/2005,2005,11,18,22,29,40,48,0,0,https://lottery.hk/en/mark-six/results/2005-06-11
14/6/2005,2005,2,5,7,18,22,48,0,0,https://lottery.hk/en/mark-six/results/2005-06-14
16/6/2005,2005,5,7,15,35,36,44,0,0,https://lottery.hk/en/mark-six/results/2005-06-16
19/6/2005,2005,6,15,18,25,26,47,"12,530,165",2,https://lottery.hk/en/mark-six/results/2005-06-19
21/6/2005,2005,11,22,29,31,32,42,0,0,https://lottery.hk/en/mark-six/results/2005-06-21
23/6/2005,2005,2,21,29,38,44,48,0,0,https://lottery.hk/en/mark-six/results/2005-06-23
25/6/2005,2005,15,25,33,38,40,49,0,0,https://lottery.hk/en/mark-six/results/2005-06-25
28/6/2005,2005,1,23,25,30,32,46,0,0,https://lottery.hk/en/mark-six/results/2005-06-28
30/6/2005,2005,4,16,22,27,32,36,0,0,https://lottery.hk/en/mark-six/results/2005-06-30
2/7/2005,2005,2,4,23,32,43,45,"44,982,630",1,https://lottery.hk/en/mark-six/results/2005-07-02
5/7/2005,2005,6,9,13,21,41,43,"5,000,000",1,https://lottery.hk/en/mark-six/results/2005-07-05
7/7/2005,2005,4,22,24,30,31,34,0,0,https://lottery.hk/en/mark-six/results/2005-07-07
9/7/2005,2005,6,10,16,21,23,39,0,0,https://lottery.hk/en/mark-six/results/2005-07-09
12/7/2005,2005,6,7,18,22,30,34,0,0,https://lottery.hk/en/mark-six/results/2005-07-12
14/7/2005,2005,10,17,18,34,48,49,0,0,https://lottery.hk/en/mark-six/results/2005-07-14
16/7/2005,2005,5,6,17,35,39,49,"16,191,880",2,https://lottery.hk/en/mark-six/results/2005-07-16
19/7/2005,2005,5,14,26,30,31,42,0,0,https://lottery.hk/en/mark-six/results/2005-07-19
21/7/2005,2005,8,13,15,28,29,48,"9,100,295",1,https://lottery.hk/en/mark-six/results/2005-07-21
23/7/2005,2005,7,8,15,22,35,49,0,0,https://lottery.hk/en/mark-six/results/2005-07-23
26/7/2005,2005,6,12,14,25,27,30,0,0,https://lottery.hk/en/mark-six/results/2005-07-26
29/7/2005,2005,25,35,39,42,43,49,"32,239,335",2,https://lottery.hk/en/mark-six/results/2005-07-29
31/7/2005,2005,5,13,14,33,45,46,0,0,https://lottery.hk/en/mark-six/results/2005-07-31
2/8/2005,2005,21,25,33,36,42,48,0,0,https://lottery.hk/en/mark-six/results/2005-08-02
4/8/2005,2005,1,7,19,27,38,47,"8,607,335",2,https://lottery.hk/en/mark-six/results/2005-08-04
6/8/2005,2005,5,21,33,34,44,45,"5,000,000",1,https://lottery.hk/en/mark-six/results/2005-08-06
9/8/2005,2005,9,13,22,35,38,39,"5,000,000",1,https://lottery.hk/en/mark-six/results/2005-08-09
11/8/2005,2005,9,11,23,29,33,38,"5,000,000",1,https://lottery.hk/en/mark-six/results/2005-08-11
13/8/2005,2005,9,13,32,38,48,49,"5,000,000",1,https://lottery.hk/en/mark-six/results/2005-08-13
16/8/2005,2005,1,11,21,27,37,48,"5,897,575",1,https://lottery.hk/en/mark-six/results/2005-08-16
18/8/2005,2005,2,19,24,39,41,49,0,0,https://lottery.hk/en/mark-six/results/2005-08-18
20/8/2005,2005,3,8,13,17,22,29,"9,096,335",1,https://lottery.hk/en/mark-six/results/2005-08-20
23/8/2005,2005,1,3,14,26,36,47,"5,000,000",1,https://lottery.hk/en/mark-six/results/2005-08-23
25/8/2005,2005,5,13,20,25,29,39,"5,000,000",1,https://lottery.hk/en/mark-six/results/2005-08-25
27/8/2005,2005,1,3,20,23,33,37,"5,000,000",1,https://lottery.hk/en/mark-six/results/2005-08-27
30/8/2005,2005,4,9,17,26,40,46,0,0,https://lottery.hk/en/mark-six/results/2005-08-30
1/9/2005,2005,4,14,19,21,24,48,0,0,https://lottery.hk/en/mark-six/results/2005-09-01
3/9/2005,2005,7,11,18,34,35,48,0,0,https://lottery.hk/en/mark-six/results/2005-09-03
6/9/2005,2005,9,15,20,23,39,41,"11,859,680",2,https://lottery.hk/en/mark-six/results/2005-09-06
8/9/2005,2005,8,10,13,14,31,48,0,0,https://lottery.hk/en/mark-six/results/2005-09-08
10/9/2005,2005,1,4,19,33,34,40,0,0,https://lottery.hk/en/mark-six/results/2005-09-10
13/9/2005,2005,16,26,29,39,41,46,0,0,https://lottery.hk/en/mark-six/results/2005-09-13
16/9/2005,2005,22,24,28,33,34,42,"14,517,415",3,https://lottery.hk/en/mark-six/results/2005-09-16
18/9/2005,2005,3,5,8,14,27,35,0,0,https://lottery.hk/en/mark-six/results/2005-09-18
20/9/2005,2005,4,5,21,26,37,47,0,0,https://lottery.hk/en/mark-six/results/2005-09-20
22/9/2005,2005,2,4,12,13,19,42,0,0,https://lottery.hk/en/mark-six/results/2005-09-22
25/9/2005,2005,1,6,14,19,26,30,0,0,https://lottery.hk/en/mark-six/results/2005-09-25
27/9/2005,2005,1,17,20,28,35,43,0,0,https://lottery.hk/en/mark-six/results/2005-09-27
30/9/2005,2005,11,14,20,24,25,35,"45,986,230",1,https://lottery.hk/en/mark-six/results/2005-09-30
4/10/2005,2005,2,9,16,25,36,38,0,0,https://lottery.hk/en/mark-six/results/2005-10-04
6/10/2005,2005,23,26,27,29,30,45,0,0,https://lottery.hk/en/mark-six/results/2005-10-06
8/10/2005,2005,9,11,15,25,44,48,0,0,https://lottery.hk/en/mark-six/results/2005-10-08
11/10/2005,2005,8,9,16,24,29,48,0,0,https://lottery.hk/en/mark-six/results/2005-10-11
13/10/2005,2005,24,34,35,38,41,47,0,0,https://lottery.hk/en/mark-six/results/2005-10-13
15/10/2005,2005,3,14,17,41,46,47,"15,563,580",3,https://lottery.hk/en/mark-six/results/2005-10-15
18/10/2005,2005,14,15,18,20,38,42,0,0,https://lottery.hk/en/mark-six/results/2005-10-18
20/10/2005,2005,6,10,22,30,43,44,"9,920,930",1,https://lottery.hk/en/mark-six/results/2005-10-20
23/10/2005,2005,9,25,30,31,35,37,0,0,https://lottery.hk/en/mark-six/results/2005-10-23
25/10/2005,2005,3,12,26,30,39,41,0,0,https://lottery.hk/en/mark-six/results/2005-10-25
27/10/2005,2005,2,5,13,19,40,49,"8,314,165",2,https://lottery.hk/en/mark-six/results/2005-10-27
29/10/2005,2005,8,10,11,24,31,37,0,0,https://lottery.hk/en/mark-six/results/2005-10-29
31/10/2005,2005,2,18,30,34,37,41,0,0,https://lottery.hk/en/mark-six/results/2005-10-31
3/11/2005,2005,1,3,10,31,34,35,"16,231,640",1,https://lottery.hk/en/mark-six/results/2005-11-03
6/11/2005,2005,3,11,13,20,38,49,0,0,https://lottery.hk/en/mark-six/results/2005-11-06
8/11/2005,2005,3,10,13,35,48,49,0,0,https://lottery.hk/en/mark-six/results/2005-11-08
10/11/2005,2005,7,8,12,37,41,48,"15,237,675",1,https://lottery.hk/en/mark-six/results/2005-11-10
12/11/2005,2005,1,13,21,22,24,40,0,0,https://lottery.hk/en/mark-six/results/2005-11-12
15/11/2005,2005,23,24,26,30,47,49,"16,081,175",2,https://lottery.hk/en/mark-six/results/2005-11-15
17/11/2005,2005,4,9,10,14,15,49,0,0,https://lottery.hk/en/mark-six/results/2005-11-17
19/11/2005,2005,2,3,15,30,32,46,0,0,https://lottery.hk/en/mark-six/results/2005-11-19
22/11/2005,2005,12,23,25,31,44,45,"15,349,620",1,https://lottery.hk/en/mark-six/results/2005-11-22
24/11/2005,2005,1,4,5,8,13,43,"5,000,000",1,https://lottery.hk/en/mark-six/results/2005-11-24
26/11/2005,2005,3,16,25,37,38,45,0,0,https://lottery.hk/en/mark-six/results/2005-11-26
29/11/2005,2005,13,18,24,26,44,45,0,0,https://lottery.hk/en/mark-six/results/2005-11-29
1/12/2005,2005,10,32,33,38,41,47,"16,340,145",1,https://lottery.hk/en/mark-six/results/2005-12-01
4/12/2005,2005,9,10,27,32,37,45,0,0,https://lottery.hk/en/mark-six/results/2005-12-04
6/12/2005,2005,1,2,3,7,14,15,"2,848,825",3,https://lottery.hk/en/mark-six/results/2005-12-06
8/12/2005,2005,3,9,16,31,36,42,0,0,https://lottery.hk/en/mark-six/results/2005-12-08
10/12/2005,2005,2,9,22,32,35,41,"9,261,250",1,https://lottery.hk/en/mark-six/results/2005-12-10
13/12/2005,2005,1,6,14,22,33,47,"5,000,000",1,https://lottery.hk/en/mark-six/results/2005-12-13
15/12/2005,2005,12,14,19,27,34,43,0,0,https://lottery.hk/en/mark-six/results/2005-12-15
18/12/2005,2005,1,4,15,22,40,44,"10,794,010",1,https://lottery.hk/en/mark-six/results/2005-12-18
20/12/2005,2005,9,16,19,20,30,43,"20,583,455",2,https://lottery.hk/en/mark-six/results/2005-12-20
22/12/2005,2005,8,18,19,23,24,42,0,0,https://lottery.hk/en/mark-six/results/2005-12-22
24/12/2005,2005,6,10,19,20,22,36,0,0,https://lottery.hk/en/mark-six/results/2005-12-24
27/12/2005,2005,4,9,17,18,31,43,0,0,https://lottery.hk/en/mark-six/results/2005-12-27
29/12/2005,2005,9,11,21,22,24,41,0,0,https://lottery.hk/en/mark-six/results/2005-12-29
31/12/2005,2005,2,7,11,31,40,43,0,0,https://lottery.hk/en/mark-six/results/2005-12-31
3/1/2006,2006,17,23,24,25,26,38,0,0,https://lottery.hk/en/mark-six/results/2006-01-03
5/1/2006,2006,5,10,22,38,44,46,"55,906,115",1,https://lottery.hk/en/mark-six/results/2006-01-05
8/1/2006,2006,1,10,26,28,38,42,0,0,https://lottery.hk/en/mark-six/results/2006-01-08
10/1/2006,2006,5,21,25,36,38,39,0,0,https://lottery.hk/en/mark-six/results/2006-01-10
12/1/2006,2006,15,24,25,27,36,37,"16,496,045",1,https://lottery.hk/en/mark-six/results/2006-01-12
14/1/2006,2006,1,12,19,29,32,34,0,0,https://lottery.hk/en/mark-six/results/2006-01-14
17/1/2006,2006,11,13,25,29,38,47,0,0,https://lottery.hk/en/mark-six/results/2006-01-17
19/1/2006,2006,24,26,28,31,44,47,0,0,https://lottery.hk/en/mark-six/results/2006-01-19
21/1/2006,2006,1,7,20,34,40,45,"25,763,330",1,https://lottery.hk/en/mark-six/results/2006-01-21
24/1/2006,2006,6,14,28,31,33,35,"56,990,395",1,https://lottery.hk/en/mark-six/results/2006-01-24
26/1/2006,2006,18,22,23,27,28,43,0,0,https://lottery.hk/en/mark-six/results/2006-01-26
28/1/2006,2006,16,22,27,30,39,41,0,0,https://lottery.hk/en/mark-six/results/2006-01-28
30/1/2006,2006,9,21,22,33,35,48,0,0,https://lottery.hk/en/mark-six/results/2006-01-30
2/2/2006,2006,3,4,5,20,23,37,"24,043,420",1,https://lottery.hk/en/mark-six/results/2006-02-02
4/2/2006,2006,19,34,39,40,41,45,"5,000,000",1,https://lottery.hk/en/mark-six/results/2006-02-04
7/2/2006,2006,5,12,15,24,40,41,0,0,https://lottery.hk/en/mark-six/results/2006-02-07
9/2/2006,2006,3,6,13,29,39,49,"8,880,525",1,https://lottery.hk/en/mark-six/results/2006-02-09
12/2/2006,2006,12,15,26,30,41,45,0,0,https://lottery.hk/en/mark-six/results/2006-02-12
14/2/2006,2006,7,22,32,34,42,43,0,0,https://lottery.hk/en/mark-six/results/2006-02-14
16/2/2006,2006,3,12,16,22,29,34,0,0,https://lottery.hk/en/mark-six/results/2006-02-16
18/2/2006,2006,10,12,14,28,42,46,0,0,https://lottery.hk/en/mark-six/results/2006-02-18
21/2/2006,2006,7,15,24,31,36,49,"35,631,825",1,https://lottery.hk/en/mark-six/results/2006-02-21
23/2/2006,2006,18,31,35,39,40,43,"5,000,000",1,https://lottery.hk/en/mark-six/results/2006-02-23
25/2/2006,2006,13,18,22,31,34,37,"5,000,000",1,https://lottery.hk/en/mark-six/results/2006-02-25
28/2/2006,2006,10,14,23,25,27,40,0,0,https://lottery.hk/en/mark-six/results/2006-02-28
2/3/2006,2006,1,5,14,22,29,43,0,0,https://lottery.hk/en/mark-six/results/2006-03-02
5/3/2006,2006,1,7,14,15,22,45,0,0,https://lottery.hk/en/mark-six/results/2006-03-05
7/3/2006,2006,2,11,30,42,48,49,"12,170,585",2,https://lottery.hk/en/mark-six/results/2006-03-07
9/3/2006,2006,9,19,20,30,39,40,"1,666,665",3,https://lottery.hk/en/mark-six/results/2006-03-09
11/3/2006,2006,1,13,14,19,21,30,0,0,https://lottery.hk/en/mark-six/results/2006-03-11
14/3/2006,2006,7,12,13,25,39,48,0,0,https://lottery.hk/en/mark-six/results/2006-03-14
16/3/2006,2006,4,27,33,37,42,49,0,0,https://lottery.hk/en/mark-six/results/2006-03-16
18/3/2006,2006,1,6,13,30,33,43,"22,170,225",1,https://lottery.hk/en/mark-six/results/2006-03-18
21/3/2006,2006,4,8,16,22,23,43,"5,000,000",1,https://lottery.hk/en/mark-six/results/2006-03-21
23/3/2006,2006,3,7,18,20,26,32,0,0,https://lottery.hk/en/mark-six/results/2006-03-23
25/3/2006,2006,26,32,36,42,43,45,0,0,https://lottery.hk/en/mark-six/results/2006-03-25
28/3/2006,2006,1,3,10,15,21,28,"8,101,395",2,https://lottery.hk/en/mark-six/results/2006-03-28
30/3/2006,2006,2,12,17,19,30,33,"5,000,000",1,https://lottery.hk/en/mark-six/results/2006-03-30
2/4/2006,2006,8,12,25,29,39,45,0,0,https://lottery.hk/en/mark-six/results/2006-04-02
4/4/2006,2006,7,11,14,35,38,43,0,0,https://lottery.hk/en/mark-six/results/2006-04-04
7/4/2006,2006,10,11,16,29,30,35,"10,887,725",3,https://lottery.hk/en/mark-six/results/2006-04-07
9/4/2006,2006,18,28,34,44,45,47,"5,000,000",1,https://lottery.hk/en/mark-six/results/2006-04-09
11/4/2006,2006,5,21,26,30,36,41,"5,000,000",1,https://lottery.hk/en/mark-six/results/2006-04-11
13/4/2006,2006,13,28,32,39,44,49,0,0,https://lottery.hk/en/mark-six/results/2006-04-13
16/4/2006,2006,9,11,20,22,29,38,"10,060,545",1,https://lottery.hk/en/mark-six/results/2006-04-16
18/4/2006,2006,11,14,27,28,38,44,0,0,https://lottery.hk/en/mark-six/results/2006-04-18
20/4/2006,2006,2,9,12,16,37,40,"9,480,050",1,https://lottery.hk/en/mark-six/results/2006-04-20
22/4/2006,2006,6,8,11,28,42,46,0,0,https://lottery.hk/en/mark-six/results/2006-04-22
25/4/2006,2006,2,24,26,29,32,33,0,0,https://lottery.hk/en/mark-six/results/2006-04-25
27/4/2006,2006,1,7,8,30,34,37,"16,716,690",1,https://lottery.hk/en/mark-six/results/2006-04-27
29/4/2006,2006,6,10,19,24,28,47,"5,000,000",1,https://lottery.hk/en/mark-six/results/2006-04-29
2/5/2006,2006,3,13,18,27,33,45,"5,000,000",1,https://lottery.hk/en/mark-six/results/2006-05-02
4/5/2006,2006,2,3,32,46,47,48,0,0,https://lottery.hk/en/mark-six/results/2006-05-04
6/5/2006,2006,5,17,23,28,31,32,"4,161,880",2,https://lottery.hk/en/mark-six/results/2006-05-06
9/5/2006,2006,18,22,24,25,26,43,"5,000,000",1,https://lottery.hk/en/mark-six/results/2006-05-09
11/5/2006,2006,7,12,15,27,29,49,"5,000,000",1,https://lottery.hk/en/mark-six/results/2006-05-11
14/5/2006,2006,1,7,14,23,45,48,0,0,https://lottery.hk/en/mark-six/results/2006-05-14
16/5/2006,2006,23,26,35,36,39,43,0,0,https://lottery.hk/en/mark-six/results/2006-05-16
18/5/2006,2006,11,23,31,32,33,40,"14,523,035",1,https://lottery.hk/en/mark-six/results/2006-05-18
20/5/2006,2006,15,20,38,41,44,46,0,0,https://lottery.hk/en/mark-six/results/2006-05-20
23/5/2006,2006,1,14,28,41,45,47,0,0,https://lottery.hk/en/mark-six/results/2006-05-23
25/5/2006,2006,9,27,29,38,39,40,"18,280,580",1,https://lottery.hk/en/mark-six/results/2006-05-25
27/5/2006,2006,1,22,34,35,36,47,"2,500,000",2,https://lottery.hk/en/mark-six/results/2006-05-27
30/5/2006,2006,10,16,21,30,33,48,"31,921,625",1,https://lottery.hk/en/mark-six/results/2006-05-30
1/6/2006,2006,12,17,24,35,44,46,0,0,https://lottery.hk/en/mark-six/results/2006-06-01
3/6/2006,2006,5,9,16,29,36,47,0,0,https://lottery.hk/en/mark-six/results/2006-06-03
6/6/2006,2006,2,9,29,31,42,49,0,0,https://lottery.hk/en/mark-six/results/2006-06-06
8/6/2006,2006,17,34,36,41,46,48,"12,174,120",2,https://lottery.hk/en/mark-six/results/2006-06-08
11/6/2006,2006,3,5,7,18,40,45,0,0,https://lottery.hk/en/mark-six/results/2006-06-11
13/6/2006,2006,2,6,17,33,42,45,0,0,https://lottery.hk/en/mark-six/results/2006-06-13
15/6/2006,2006,4,15,16,22,24,45,0,0,https://lottery.hk/en/mark-six/results/2006-06-15
18/6/2006,2006,5,6,7,18,27,35,"7,467,015",3,https://lottery.hk/en/mark-six/results/2006-06-18
20/6/2006,2006,4,5,17,39,40,42,0,0,https://lottery.hk/en/mark-six/results/2006-06-20
22/6/2006,2006,4,5,33,36,48,49,0,0,https://lottery.hk/en/mark-six/results/2006-06-22
24/6/2006,2006,18,21,32,33,36,37,0,0,https://lottery.hk/en/mark-six/results/2006-06-24
27/6/2006,2006,10,12,21,26,27,49,"25,078,145",1,https://lottery.hk/en/mark-six/results/2006-06-27
29/6/2006,2006,2,3,13,17,19,36,"5,000,000",1,https://lottery.hk/en/mark-six/results/2006-06-29
1/7/2006,2006,4,13,30,42,47,48,0,0,https://lottery.hk/en/mark-six/results/2006-07-01
4/7/2006,2006,1,4,5,13,14,19,"9,748,925",1,https://lottery.hk/en/mark-six/results/2006-07-04
6/7/2006,2006,1,7,9,16,21,49,0,0,https://lottery.hk/en/mark-six/results/2006-07-06
8/7/2006,2006,2,6,10,13,30,33,"3,964,280",2,https://lottery.hk/en/mark-six/results/2006-07-08
11/7/2006,2006,1,30,34,42,45,46,0,0,https://lottery.hk/en/mark-six/results/2006-07-11
13/7/2006,2006,1,8,9,10,34,36,"4,909,310",2,https://lottery.hk/en/mark-six/results/2006-07-13
15/7/2006,2006,9,20,23,34,35,45,"5,000,000",1,https://lottery.hk/en/mark-six/results/2006-07-15
18/7/2006,2006,10,13,22,27,32,39,0,0,https://lottery.hk/en/mark-six/results/2006-07-18
20/7/2006,2006,6,13,15,26,30,33,0,0,https://lottery.hk/en/mark-six/results/2006-07-20
22/7/2006,2006,2,6,16,20,23,24,"12,888,250",1,https://lottery.hk/en/mark-six/results/2006-07-22
25/7/2006,2006,10,16,23,34,38,41,"10,779,295",3,https://lottery.hk/en/mark-six/results/2006-07-25
27/7/2006,2006,1,19,21,31,43,47,0,0,https://lottery.hk/en/mark-six/results/2006-07-27
29/7/2006,2006,2,23,29,34,35,37,0,0,https://lottery.hk/en/mark-six/results/2006-07-29
1/8/2006,2006,7,10,20,30,34,46,"14,114,080",1,https://lottery.hk/en/mark-six/results/2006-08-01
3/8/2006,2006,9,10,16,19,32,45,0,0,https://lottery.hk/en/mark-six/results/2006-08-03
5/8/2006,2006,1,8,11,14,16,45,0,0,https://lottery.hk/en/mark-six/results/2006-08-05
8/8/2006,2006,10,20,24,28,32,49,0,0,https://lottery.hk/en/mark-six/results/2006-08-08
10/8/2006,2006,12,15,18,23,35,38,0,0,https://lottery.hk/en/mark-six/results/2006-08-10
12/8/2006,2006,2,13,18,26,28,43,0,0,https://lottery.hk/en/mark-six/results/2006-08-12
15/8/2006,2006,8,18,21,23,30,47,0,0,https://lottery.hk/en/mark-six/results/2006-08-15
17/8/2006,2006,10,17,19,27,37,38,"16,629,415",4,https://lottery.hk/en/mark-six/results/2006-08-17
19/8/2006,2006,3,25,27,28,43,45,0,0,https://lottery.hk/en/mark-six/results/2006-08-19
22/8/2006,2006,8,18,22,34,48,49,"4,468,920",2,https://lottery.hk/en/mark-six/results/2006-08-22
24/8/2006,2006,3,11,14,21,40,45,0,0,https://lottery.hk/en/mark-six/results/2006-08-24
26/8/2006,2006,27,29,31,36,39,43,"10,822,975",1,https://lottery.hk/en/mark-six/results/2006-08-26
29/8/2006,2006,14,34,37,40,48,49,0,0,https://lottery.hk/en/mark-six/results/2006-08-29
31/8/2006,2006,4,26,30,35,45,46,"10,208,225",1,https://lottery.hk/en/mark-six/results/2006-08-31
2/9/2006,2006,3,16,17,34,46,48,0,0,https://lottery.hk/en/mark-six/results/2006-09-02
5/9/2006,2006,4,8,14,22,41,48,"6,081,615",2,https://lottery.hk/en/mark-six/results/2006-09-05
7/9/2006,2006,5,8,15,25,33,48,"5,000,000",1,https://lottery.hk/en/mark-six/results/2006-09-07
9/9/2006,2006,8,12,14,17,23,25,0,0,https://lottery.hk/en/mark-six/results/2006-09-09
12/9/2006,2006,2,32,40,41,43,45,0,0,https://lottery.hk/en/mark-six/results/2006-09-12
14/9/2006,2006,12,26,27,28,32,46,"15,340,350",1,https://lottery.hk/en/mark-six/results/2006-09-14
17/9/2006,2006,5,11,14,20,22,41,0,0,https://lottery.hk/en/mark-six/results/2006-09-17
19/9/2006,2006,3,11,22,25,27,33,0,0,https://lottery.hk/en/mark-six/results/2006-09-19
21/9/2006,2006,1,22,33,40,43,48,0,0,https://lottery.hk/en/mark-six/results/2006-09-21
23/9/2006,2006,3,13,20,34,37,40,0,0,https://lottery.hk/en/mark-six/results/2006-09-23
26/9/2006,2006,7,9,15,18,32,43,0,0,https://lottery.hk/en/mark-six/results/2006-09-26
28/9/2006,2006,5,15,22,30,42,49,"61,711,125",1,https://lottery.hk/en/mark-six/results/2006-09-28
30/9/2006,2006,1,2,4,11,12,23,0,0,https://lottery.hk/en/mark-six/results/2006-09-30
3/10/2006,2006,1,5,9,19,35,45,0,0,https://lottery.hk/en/mark-six/results/2006-10-03
5/10/2006,2006,5,9,16,32,35,42,"7,634,705",2,https://lottery.hk/en/mark-six/results/2006-10-05
8/10/2006,2006,1,4,17,22,27,28,"5,000,000",1,https://lottery.hk/en/mark-six/results/2006-10-08
10/10/2006,2006,6,8,22,39,40,47,0,0,https://lottery.hk/en/mark-six/results/2006-10-10
12/10/2006,2006,5,9,10,22,26,38,0,0,https://lottery.hk/en/mark-six/results/2006-10-12
14/10/2006,2006,3,16,20,36,41,49,0,0,https://lottery.hk/en/mark-six/results/2006-10-14
17/10/2006,2006,5,22,29,33,36,40,0,0,https://lottery.hk/en/mark-six/results/2006-10-17
19/10/2006,2006,9,11,15,29,35,44,0,0,https://lottery.hk/en/mark-six/results/2006-10-19
22/10/2006,2006,3,18,24,26,42,43,0,0,https://lottery.hk/en/mark-six/results/2006-10-22
24/10/2006,2006,12,28,29,30,44,48,"34,357,880",2,https://lottery.hk/en/mark-six/results/2006-10-24
26/10/2006,2006,5,8,13,17,26,41,0,0,https://lottery.hk/en/mark-six/results/2006-10-26
28/10/2006,2006,7,28,33,35,42,44,0,0,https://lottery.hk/en/mark-six/results/2006-10-28
31/10/2006,2006,1,6,13,28,35,44,"16,124,660",1,https://lottery.hk/en/mark-six/results/2006-10-31
2/11/2006,2006,5,7,28,35,36,39,"5,000,000",1,https://lottery.hk/en/mark-six/results/2006-11-02
5/11/2006,2006,11,22,38,41,42,45,0,0,https://lottery.hk/en/mark-six/results/2006-11-05
9/11/2006,2006,2,21,22,34,36,38,0,0,https://lottery.hk/en/mark-six/results/2006-11-09
11/11/2006,2006,10,13,18,21,31,48,"17,778,925",1,https://lottery.hk/en/mark-six/results/2006-11-11
14/11/2006,2006,8,14,20,34,36,49,"16,333,130",2,https://lottery.hk/en/mark-six/results/2006-11-14
16/11/2006,2006,3,10,12,32,35,44,0,0,https://lottery.hk/en/mark-six/results/2006-11-16
18/11/2006,2006,10,11,14,34,40,49,"9,639,245",1,https://lottery.hk/en/mark-six/results/2006-11-18
21/11/2006,2006,3,7,16,26,31,35,0,0,https://lottery.hk/en/mark-six/results/2006-11-21
23/11/2006,2006,6,10,19,32,41,49,0,0,https://lottery.hk/en/mark-six/results/2006-11-23
25/11/2006,2006,7,18,30,35,36,49,"5,139,965",3,https://lottery.hk/en/mark-six/results/2006-11-25
28/11/2006,2006,6,10,21,23,35,36,"5,000,000",1,https://lottery.hk/en/mark-six/results/2006-11-28
30/11/2006,2006,5,8,9,27,31,35,0,0,https://lottery.hk/en/mark-six/results/2006-11-30
3/12/2006,2006,10,22,25,32,34,44,0,0,https://lottery.hk/en/mark-six/results/2006-12-03
5/12/2006,2006,20,21,38,41,45,46,"15,068,405",1,https://lottery.hk/en/mark-six/results/2006-12-05
7/12/2006,2006,5,8,10,27,34,40,0,0,https://lottery.hk/en/mark-six/results/2006-12-07
9/12/2006,2006,21,22,24,28,43,48,0,0,https://lottery.hk/en/mark-six/results/2006-12-09
12/12/2006,2006,6,15,26,30,39,41,"7,874,250",2,https://lottery.hk/en/mark-six/results/2006-12-12
14/12/2006,2006,2,14,15,29,37,47,0,0,https://lottery.hk/en/mark-six/results/2006-12-14
17/12/2006,2006,9,13,17,21,22,33,0,0,https://lottery.hk/en/mark-six/results/2006-12-17
19/12/2006,2006,5,11,17,32,33,48,"10,498,190",4,https://lottery.hk/en/mark-six/results/2006-12-19
21/12/2006,2006,5,28,35,46,48,49,"5,000,000",1,https://lottery.hk/en/mark-six/results/2006-12-21
24/12/2006,2006,16,29,31,34,39,42,0,0,https://lottery.hk/en/mark-six/results/2006-12-24
28/12/2006,2006,3,11,14,20,27,44,0,0,https://lottery.hk/en/mark-six/results/2006-12-28
30/12/2006,2006,5,6,7,21,30,40,"5,417,205",3,https://lottery.hk/en/mark-six/results/2006-12-30
2/1/2007,2007,6,12,14,30,32,38,0,0,https://lottery.hk/en/mark-six/results/2007-01-02
4/1/2007,2007,7,8,33,40,42,49,"9,733,255",1,https://lottery.hk/en/mark-six/results/2007-01-04
6/1/2007,2007,3,17,33,38,43,49,0,0,https://lottery.hk/en/mark-six/results/2007-01-06
9/1/2007,2007,11,14,16,19,34,43,0,0,https://lottery.hk/en/mark-six/results/2007-01-09
11/1/2007,2007,1,2,10,27,40,41,0,0,https://lottery.hk/en/mark-six/results/2007-01-11
13/1/2007,2007,6,7,25,28,38,45,0,0,https://lottery.hk/en/mark-six/results/2007-01-13
16/1/2007,2007,4,14,23,25,38,42,"35,448,515",1,https://lottery.hk/en/mark-six/results/2007-01-16
18/1/2007,2007,7,10,33,39,48,49,"5,000,000",1,https://lottery.hk/en/mark-six/results/2007-01-18
21/1/2007,2007,9,18,26,28,36,44,0,0,https://lottery.hk/en/mark-six/results/2007-01-21
23/1/2007,2007,6,19,25,31,32,35,0,0,https://lottery.hk/en/mark-six/results/2007-01-23
25/1/2007,2007,5,6,23,24,38,48,"3,783,660",4,https://lottery.hk/en/mark-six/results/2007-01-25
27/1/2007,2007,11,25,26,36,39,41,"2,500,000",2,https://lottery.hk/en/mark-six/results/2007-01-27
30/1/2007,2007,9,11,12,14,18,24,"2,500,000",2,https://lottery.hk/en/mark-six/results/2007-01-30
1/2/2007,2007,8,13,32,33,39,47,"5,075,335",1,https://lottery.hk/en/mark-six/results/2007-02-01
3/2/2007,2007,6,11,12,19,27,39,0,0,https://lottery.hk/en/mark-six/results/2007-02-03
6/2/2007,2007,11,12,19,22,42,47,"27,617,675",2,https://lottery.hk/en/mark-six/results/2007-02-06
8/2/2007,2007,9,24,26,27,37,44,0,0,https://lottery.hk/en/mark-six/results/2007-02-08
11/2/2007,2007,11,22,25,32,41,45,0,0,https://lottery.hk/en/mark-six/results/2007-02-11
13/2/2007,2007,3,13,14,21,22,32,0,0,https://lottery.hk/en/mark-six/results/2007-02-13
15/2/2007,2007,7,15,17,38,45,48,"24,094,410",1,https://lottery.hk/en/mark-six/results/2007-02-15
17/2/2007,2007,9,16,17,28,33,42,"2,500,000",2,https://lottery.hk/en/mark-six/results/2007-02-17
19/2/2007,2007,4,17,18,35,37,47,0,0,https://lottery.hk/en/mark-six/results/2007-02-19
22/2/2007,2007,2,8,11,18,32,39,0,0,https://lottery.hk/en/mark-six/results/2007-02-22
24/2/2007,2007,7,9,22,24,32,36,"7,455,665",2,https://lottery.hk/en/mark-six/results/2007-02-24
27/2/2007,2007,9,10,16,30,38,41,0,0,https://lottery.hk/en/mark-six/results/2007-02-27
1/3/2007,2007,16,18,25,29,33,43,0,0,https://lottery.hk/en/mark-six/results/2007-03-01
3/3/2007,2007,4,10,30,35,43,46,"16,878,655",1,https://lottery.hk/en/mark-six/results/2007-03-03
6/3/2007,2007,5,8,22,27,32,41,"5,000,000",1,https://lottery.hk/en/mark-six/results/2007-03-06
8/3/2007,2007,6,12,16,25,33,49,0,0,https://lottery.hk/en/mark-six/results/2007-03-08
11/3/2007,2007,2,7,16,30,37,39,0,0,https://lottery.hk/en/mark-six/results/2007-03-11
13/3/2007,2007,1,4,12,35,39,46,0,0,https://lottery.hk/en/mark-six/results/2007-03-13
15/3/2007,2007,1,14,39,40,45,49,"27,400,935",1,https://lottery.hk/en/mark-six/results/2007-03-15
17/3/2007,2007,21,23,26,36,45,49,0,0,https://lottery.hk/en/mark-six/results/2007-03-17
20/3/2007,2007,1,11,23,37,42,43,0,0,https://lottery.hk/en/mark-six/results/2007-03-20
22/3/2007,2007,6,9,12,15,43,47,0,0,https://lottery.hk/en/mark-six/results/2007-03-22
24/3/2007,2007,2,5,6,12,22,40,"7,902,180",3,https://lottery.hk/en/mark-six/results/2007-03-24
27/3/2007,2007,12,21,24,32,36,46,"32,806,085",1,https://lottery.hk/en/mark-six/results/2007-03-27
29/3/2007,2007,2,22,23,40,44,45,0,0,https://lottery.hk/en/mark-six/results/2007-03-29
1/4/2007,2007,16,17,21,28,38,45,"9,723,375",1,https://lottery.hk/en/mark-six/results/2007-04-01
3/4/2007,2007,9,22,30,41,42,48,"2,500,000",2,https://lottery.hk/en/mark-six/results/2007-04-03
5/4/2007,2007,13,33,35,39,40,48,0,0,https://lottery.hk/en/mark-six/results/2007-04-05
7/4/2007,2007,5,7,8,23,36,41,0,0,https://lottery.hk/en/mark-six/results/2007-04-07
10/4/2007,2007,6,9,13,31,40,45,0,0,https://lottery.hk/en/mark-six/results/2007-04-10
12/4/2007,2007,4,8,24,27,35,45,"20,229,260",1,https://lottery.hk/en/mark-six/results/2007-04-12
15/4/2007,2007,11,14,19,35,44,49,"5,000,000",1,https://lottery.hk/en/mark-six/results/2007-04-15
17/4/2007,2007,2,20,40,43,45,49,0,0,https://lottery.hk/en/mark-six/results/2007-04-17
19/4/2007,2007,7,9,15,29,32,48,0,0,https://lottery.hk/en/mark-six/results/2007-04-19
21/4/2007,2007,19,27,41,42,44,49,0,0,https://lottery.hk/en/mark-six/results/2007-04-21
24/4/2007,2007,4,6,7,14,19,37,0,0,https://lottery.hk/en/mark-six/results/2007-04-24
26/4/2007,2007,17,22,24,35,37,40,0,0,https://lottery.hk/en/mark-six/results/2007-04-26
30/4/2007,2007,10,11,18,27,38,44,0,0,https://lottery.hk/en/mark-six/results/2007-04-30
3/5/2007,2007,3,17,32,44,46,47,"37,398,375",2,https://lottery.hk/en/mark-six/results/2007-05-03
5/5/2007,2007,7,9,11,20,45,49,0,0,https://lottery.hk/en/mark-six/results/2007-05-05
8/5/2007,2007,11,20,23,30,46,48,"34,012,760",1,https://lottery.hk/en/mark-six/results/2007-05-08
10/5/2007,2007,4,6,12,14,41,46,"5,000,000",1,https://lottery.hk/en/mark-six/results/2007-05-10
13/5/2007,2007,14,16,25,28,36,38,"5,607,570",1,https://lottery.hk/en/mark-six/results/2007-05-13
15/5/2007,2007,12,30,33,36,42,43,0,0,https://lottery.hk/en/mark-six/results/2007-05-15
17/5/2007,2007,4,5,14,27,37,39,0,0,https://lottery.hk/en/mark-six/results/2007-05-17
19/5/2007,2007,21,24,31,36,38,46,0,0,https://lottery.hk/en/mark-six/results/2007-05-19
22/5/2007,2007,20,21,23,28,38,40,"13,568,175",2,https://lottery.hk/en/mark-six/results/2007-05-22
26/5/2007,2007,23,24,26,29,36,41,"5,000,000",1,https://lottery.hk/en/mark-six/results/2007-05-26
29/5/2007,2007,2,8,12,25,29,46,0,0,https://lottery.hk/en/mark-six/results/2007-05-29
31/5/2007,2007,1,4,7,20,25,38,0,0,https://lottery.hk/en/mark-six/results/2007-05-31
2/6/2007,2007,16,20,26,27,42,46,0,0,https://lottery.hk/en/mark-six/results/2007-06-02
5/6/2007,2007,5,9,11,21,22,37,"20,233,800",1,https://lottery.hk/en/mark-six/results/2007-06-05
7/6/2007,2007,1,4,15,34,44,47,0,0,https://lottery.hk/en/mark-six/results/2007-06-07
10/6/2007,2007,1,6,9,36,37,48,0,0,https://lottery.hk/en/mark-six/results/2007-06-10
12/6/2007,2007,7,30,31,41,45,47,0,0,https://lottery.hk/en/mark-six/results/2007-06-12
14/6/2007,2007,3,19,21,29,33,41,"46,778,775",1,https://lottery.hk/en/mark-six/results/2007-06-14
16/6/2007,2007,3,15,18,19,28,37,0,0,https://lottery.hk/en/mark-six/results/2007-06-16
19/6/2007,2007,4,8,11,12,20,32,"4,346,315",2,https://lottery.hk/en/mark-six/results/2007-06-19
21/6/2007,2007,1,5,11,26,43,45,"5,000,000",1,https://lottery.hk/en/mark-six/results/2007-06-21
23/6/2007,2007,10,24,27,28,31,38,0,0,https://lottery.hk/en/mark-six/results/2007-06-23
26/6/2007,2007,2,17,24,32,35,47,0,0,https://lottery.hk/en/mark-six/results/2007-06-26
28/6/2007,2007,4,15,38,40,41,46,0,0,https://lottery.hk/en/mark-six/results/2007-06-28
30/6/2007,2007,1,4,10,18,37,44,0,0,https://lottery.hk/en/mark-six/results/2007-06-30
3/7/2007,2007,16,22,35,36,45,48,0,0,https://lottery.hk/en/mark-six/results/2007-07-03
5/7/2007,2007,14,23,25,26,35,38,"15,076,990",3,https://lottery.hk/en/mark-six/results/2007-07-05
7/7/2007,2007,4,8,10,15,35,45,"5,000,000",1,https://lottery.hk/en/mark-six/results/2007-07-07
10/7/2007,2007,12,13,17,24,31,43,0,0,https://lottery.hk/en/mark-six/results/2007-07-10
12/7/2007,2007,6,16,17,18,22,49,0,0,https://lottery.hk/en/mark-six/results/2007-07-12
14/7/2007,2007,10,19,24,30,45,49,0,0,https://lottery.hk/en/mark-six/results/2007-07-14
17/7/2007,2007,5,10,12,13,16,42,0,0,https://lottery.hk/en/mark-six/results/2007-07-17
19/7/2007,2007,1,26,27,36,42,45,"33,919,735",1,https://lottery.hk/en/mark-six/results/2007-07-19
21/7/2007,2007,5,9,18,40,43,45,0,0,https://lottery.hk/en/mark-six/results/2007-07-21
24/7/2007,2007,16,26,30,36,41,49,0,0,https://lottery.hk/en/mark-six/results/2007-07-24
26/7/2007,2007,13,22,28,32,37,46,"16,016,490",1,https://lottery.hk/en/mark-six/results/2007-07-26
28/7/2007,2007,18,21,29,30,31,38,"5,000,000",1,https://lottery.hk/en/mark-six/results/2007-07-28
31/7/2007,2007,3,4,21,43,47,48,0,0,https://lottery.hk/en/mark-six/results/2007-07-31
2/8/2007,2007,8,22,29,35,40,41,0,0,https://lottery.hk/en/mark-six/results/2007-08-02
7/8/2007,2007,1,14,26,32,45,48,"31,844,760",2,https://lottery.hk/en/mark-six/results/2007-08-07
9/8/2007,2007,3,4,5,12,17,44,0,0,https://lottery.hk/en/mark-six/results/2007-08-09
11/8/2007,2007,6,9,35,38,43,44,0,0,https://lottery.hk/en/mark-six/results/2007-08-11
14/8/2007,2007,7,9,12,27,29,40,"13,713,610",1,https://lottery.hk/en/mark-six/results/2007-08-14
16/8/2007,2007,14,16,18,26,30,35,0,0,https://lottery.hk/en/mark-six/results/2007-08-16
18/8/2007,2007,14,18,22,31,35,40,0,0,https://lottery.hk/en/mark-six/results/2007-08-18
21/8/2007,2007,10,13,22,33,36,48,"7,753,615",2,https://lottery.hk/en/mark-six/results/2007-08-21
24/8/2007,2007,10,19,20,28,37,43,0,0,https://lottery.hk/en/mark-six/results/2007-08-24
26/8/2007,2007,6,20,23,42,44,45,0,0,https://lottery.hk/en/mark-six/results/2007-08-26
28/8/2007,2007,4,9,20,27,37,43,"15,113,830",1,https://lottery.hk/en/mark-six/results/2007-08-28
30/8/2007,2007,3,4,13,23,34,39,0,0,https://lottery.hk/en/mark-six/results/2007-08-30
1/9/2007,2007,2,6,16,38,39,44,0,0,https://lottery.hk/en/mark-six/results/2007-09-01
4/9/2007,2007,6,28,38,44,45,49,0,0,https://lottery.hk/en/mark-six/results/2007-09-04
6/9/2007,2007,4,12,18,35,40,44,"23,652,930",1,https://lottery.hk/en/mark-six/results/2007-09-06
8/9/2007,2007,1,3,14,31,34,35,0,0,https://lottery.hk/en/mark-six/results/2007-09-08
11/9/2007,2007,14,23,26,35,36,44,0,0,https://lottery.hk/en/mark-six/results/2007-09-11
13/9/2007,2007,8,14,15,25,32,38,0,0,https://lottery.hk/en/mark-six/results/2007-09-13
16/9/2007,2007,6,7,8,17,24,27,"21,434,160",1,https://lottery.hk/en/mark-six/results/2007-09-16
18/9/2007,2007,10,12,24,37,41,43,"20,863,520",2,https://lottery.hk/en/mark-six/results/2007-09-18
20/9/2007,2007,6,11,13,28,40,41,0,0,https://lottery.hk/en/mark-six/results/2007-09-20
22/9/2007,2007,5,6,24,44,48,49,"8,924,890",1,https://lottery.hk/en/mark-six/results/2007-09-22
25/9/2007,2007,2,8,16,24,25,34,0,0,https://lottery.hk/en/mark-six/results/2007-09-25
27/9/2007,2007,6,9,17,23,34,45,0,0,https://lottery.hk/en/mark-six/results/2007-09-27
29/9/2007,2007,35,41,42,44,47,49,0,0,https://lottery.hk/en/mark-six/results/2007-09-29
2/10/2007,2007,10,21,30,34,37,43,0,0,https://lottery.hk/en/mark-six/results/2007-10-02
4/10/2007,2007,6,14,28,29,37,38,"32,007,100",1,https://lottery.hk/en/mark-six/results/2007-10-04
6/10/2007,2007,7,20,25,33,38,45,"5,000,000",1,https://lottery.hk/en/mark-six/results/2007-10-06
9/10/2007,2007,9,10,16,23,32,49,"2,500,000",2,https://lottery.hk/en/mark-six/results/2007-10-09
11/10/2007,2007,12,19,23,26,33,42,0,0,https://lottery.hk/en/mark-six/results/2007-10-11
13/10/2007,2007,23,24,25,27,43,45,"9,182,945",1,https://lottery.hk/en/mark-six/results/2007-10-13
16/10/2007,2007,6,10,11,14,31,40,0,0,https://lottery.hk/en/mark-six/results/2007-10-16
18/10/2007,2007,1,2,37,39,47,48,"42,021,875",1,https://lottery.hk/en/mark-six/results/2007-10-18
20/10/2007,2007,4,14,18,19,30,42,0,0,https://lottery.hk/en/mark-six/results/2007-10-20
23/10/2007,2007,6,13,21,29,31,37,0,0,https://lottery.hk/en/mark-six/results/2007-10-23
25/10/2007,2007,4,14,31,35,42,49,"16,205,905",1,https://lottery.hk/en/mark-six/results/2007-10-25
27/10/2007,2007,2,27,30,35,43,46,0,0,https://lottery.hk/en/mark-six/results/2007-10-27
30/10/2007,2007,12,19,31,41,42,47,0,0,https://lottery.hk/en/mark-six/results/2007-10-30
1/11/2007,2007,5,9,12,18,24,43,0,0,https://lottery.hk/en/mark-six/results/2007-11-01
4/11/2007,2007,4,13,25,27,40,47,0,0,https://lottery.hk/en/mark-six/results/2007-11-04
8/11/2007,2007,6,14,18,28,30,37,"32,493,650",1,https://lottery.hk/en/mark-six/results/2007-11-08
10/11/2007,2007,1,6,8,15,41,43,0,0,https://lottery.hk/en/mark-six/results/2007-11-10
13/11/2007,2007,2,6,15,30,38,42,0,0,https://lottery.hk/en/mark-six/results/2007-11-13
15/11/2007,2007,12,16,18,27,41,45,0,0,https://lottery.hk/en/mark-six/results/2007-11-15
18/11/2007,2007,1,4,6,20,25,32,"25,947,485",1,https://lottery.hk/en/mark-six/results/2007-11-18
20/11/2007,2007,6,13,14,22,30,44,0,0,https://lottery.hk/en/mark-six/results/2007-11-20
22/11/2007,2007,1,12,29,39,40,48,0,0,https://lottery.hk/en/mark-six/results/2007-11-22
24/11/2007,2007,5,19,25,32,40,42,"15,819,105",1,https://lottery.hk/en/mark-six/results/2007-11-24
27/11/2007,2007,7,25,27,33,35,45,0,0,https://lottery.hk/en/mark-six/results/2007-11-27
29/11/2007,2007,10,13,19,27,43,48,0,0,https://lottery.hk/en/mark-six/results/2007-11-29
2/12/2007,2007,18,25,29,30,32,35,"16,138,035",1,https://lottery.hk/en/mark-six/results/2007-12-02
4/12/2007,2007,18,23,26,28,30,45,0,0,https://lottery.hk/en/mark-six/results/2007-12-04
6/12/2007,2007,5,26,33,38,39,46,"41,882,235",1,https://lottery.hk/en/mark-six/results/2007-12-06
8/12/2007,2007,9,14,35,38,41,42,0,0,https://lottery.hk/en/mark-six/results/2007-12-08
11/12/2007,2007,16,18,24,35,40,41,"10,576,700",1,https://lottery.hk/en/mark-six/results/2007-12-11
13/12/2007,2007,5,7,15,18,23,42,0,0,https://lottery.hk/en/mark-six/results/2007-12-13
16/12/2007,2007,1,17,23,25,40,44,0,0,https://lottery.hk/en/mark-six/results/2007-12-16
18/12/2007,2007,1,2,6,19,24,40,0,0,https://lottery.hk/en/mark-six/results/2007-12-18
22/12/2007,2007,1,9,17,28,42,46,"60,224,375",1,https://lottery.hk/en/mark-six/results/2007-12-22
25/12/2007,2007,1,2,21,30,44,46,0,0,https://lottery.hk/en/mark-six/results/2007-12-25
27/12/2007,2007,7,17,37,38,40,48,0,0,https://lottery.hk/en/mark-six/results/2007-12-27
29/12/2007,2007,6,12,16,33,41,48,"16,590,215",1,https://lottery.hk/en/mark-six/results/2007-12-29
31/12/2007,2007,15,16,21,23,37,45,"5,000,000",1,https://lottery.hk/en/mark-six/results/2007-12-31
3/1/2008,2008,5,8,36,39,42,46,0,0,https://lottery.hk/en/mark-six/results/2008-01-03
5/1/2008,2008,3,11,14,32,33,42,"9,450,240",1,https://lottery.hk/en/mark-six/results/2008-01-05
8/1/2008,2008,2,9,14,24,40,45,"5,000,000",1,https://lottery.hk/en/mark-six/results/2008-01-08
10/1/2008,2008,4,20,36,42,46,47,"5,000,000",1,https://lottery.hk/en/mark-six/results/2008-01-10
13/1/2008,2008,8,13,18,22,26,42,"5,000,000",1,https://lottery.hk/en/mark-six/results/2008-01-13
15/1/2008,2008,10,11,15,18,37,45,0,0,https://lottery.hk/en/mark-six/results/2008-01-15
17/1/2008,2008,8,19,24,35,36,40,0,0,https://lottery.hk/en/mark-six/results/2008-01-17
19/1/2008,2008,4,7,8,20,32,34,0,0,https://lottery.hk/en/mark-six/results/2008-01-19
22/1/2008,2008,9,16,17,30,33,49,"11,196,105",2,https://lottery.hk/en/mark-six/results/2008-01-22
24/1/2008,2008,10,23,26,38,42,46,"5,000,000",1,https://lottery.hk/en/mark-six/results/2008-01-24
26/1/2008,2008,13,15,19,22,33,38,"2,500,000",2,https://lottery.hk/en/mark-six/results/2008-01-26
29/1/2008,2008,16,22,24,33,43,44,"26,817,935",2,https://lottery.hk/en/mark-six/results/2008-01-29
31/1/2008,2008,24,32,41,42,48,49,0,0,https://lottery.hk/en/mark-six/results/2008-01-31
3/2/2008,2008,1,34,36,37,42,46,0,0,https://lottery.hk/en/mark-six/results/2008-02-03
5/2/2008,2008,3,6,36,40,43,48,0,0,https://lottery.hk/en/mark-six/results/2008-02-05
8/2/2008,2008,2,16,30,31,38,48,"12,177,115",2,https://lottery.hk/en/mark-six/results/2008-02-08
10/2/2008,2008,7,24,26,30,32,39,0,0,https://lottery.hk/en/mark-six/results/2008-02-10
12/2/2008,2008,12,23,31,37,40,45,0,0,https://lottery.hk/en/mark-six/results/2008-02-12
14/2/2008,2008,4,6,15,29,33,39,0,0,https://lottery.hk/en/mark-six/results/2008-02-14
16/2/2008,2008,2,5,8,22,29,41,"10,634,115",2,https://lottery.hk/en/mark-six/results/2008-02-16
19/2/2008,2008,5,15,29,32,38,39,0,0,https://lottery.hk/en/mark-six/results/2008-02-19
21/2/2008,2008,18,22,24,27,30,48,0,0,https://lottery.hk/en/mark-six/results/2008-02-21
23/2/2008,2008,2,9,14,24,33,47,0,0,https://lottery.hk/en/mark-six/results/2008-02-23
26/2/2008,2008,9,20,23,30,34,39,"25,833,460",1,https://lottery.hk/en/mark-six/results/2008-02-26
28/2/2008,2008,6,8,13,17,35,49,0,0,https://lottery.hk/en/mark-six/results/2008-02-28
2/3/2008,2008,5,7,22,30,32,35,"9,143,215",1,https://lottery.hk/en/mark-six/results/2008-03-02
4/3/2008,2008,2,5,13,20,21,49,0,0,https://lottery.hk/en/mark-six/results/2008-03-04
6/3/2008,2008,7,12,24,25,39,44,0,0,https://lottery.hk/en/mark-six/results/2008-03-06
8/3/2008,2008,16,25,31,36,38,49,0,0,https://lottery.hk/en/mark-six/results/2008-03-08
11/3/2008,2008,5,13,15,23,28,40,0,0,https://lottery.hk/en/mark-six/results/2008-03-11
13/3/2008,2008,12,28,31,33,36,44,"22,669,515",2,https://lottery.hk/en/mark-six/results/2008-03-13
15/3/2008,2008,8,10,21,22,30,47,0,0,https://lottery.hk/en/mark-six/results/2008-03-15
18/3/2008,2008,13,23,28,30,37,44,0,0,https://lottery.hk/en/mark-six/results/2008-03-18
20/3/2008,2008,4,12,22,26,33,45,"17,317,970",1,https://lottery.hk/en/mark-six/results/2008-03-20
22/3/2008,2008,13,18,32,38,48,49,"5,000,000",1,https://lottery.hk/en/mark-six/results/2008-03-22
25/3/2008,2008,7,14,15,22,25,35,"2,500,000",2,https://lottery.hk/en/mark-six/results/2008-03-25
27/3/2008,2008,3,4,16,32,45,48,0,0,https://lottery.hk/en/mark-six/results/2008-03-27
29/3/2008,2008,6,9,30,32,39,48,0,0,https://lottery.hk/en/mark-six/results/2008-03-29
1/4/2008,2008,15,16,27,40,44,49,0,0,https://lottery.hk/en/mark-six/results/2008-04-01
3/4/2008,2008,1,6,17,28,36,41,0,0,https://lottery.hk/en/mark-six/results/2008-04-03
8/4/2008,2008,11,13,21,36,39,40,0,0,https://lottery.hk/en/mark-six/results/2008-04-08
13/4/2008,2008,1,9,22,23,34,38,"50,615,815",1,https://lottery.hk/en/mark-six/results/2008-04-13
15/4/2008,2008,8,25,31,38,43,48,"30,114,710",1,https://lottery.hk/en/mark-six/results/2008-04-15
17/4/2008,2008,7,10,11,27,31,48,"5,000,000",1,https://lottery.hk/en/mark-six/results/2008-04-17
19/4/2008,2008,7,10,16,19,42,46,"5,000,000",1,https://lottery.hk/en/mark-six/results/2008-04-19
22/4/2008,2008,8,14,31,36,40,46,0,0,https://lottery.hk/en/mark-six/results/2008-04-22
24/4/2008,2008,8,12,13,25,31,35,0,0,https://lottery.hk/en/mark-six/results/2008-04-24
26/4/2008,2008,13,15,17,19,24,32,"8,290,775",2,https://lottery.hk/en/mark-six/results/2008-04-26
29/4/2008,2008,20,22,24,25,40,41,0,0,https://lottery.hk/en/mark-six/results/2008-04-29
3/5/2008,2008,1,3,4,5,37,39,"10,225,480",1,https://lottery.hk/en/mark-six/results/2008-05-03
6/5/2008,2008,7,8,13,26,28,49,"5,000,000",1,https://lottery.hk/en/mark-six/results/2008-05-06
8/5/2008,2008,16,24,31,35,37,49,"5,000,000",1,https://lottery.hk/en/mark-six/results/2008-05-08
10/5/2008,2008,5,6,27,41,47,49,0,0,https://lottery.hk/en/mark-six/results/2008-05-10
13/5/2008,2008,8,19,26,34,37,40,"3,793,175",3,https://lottery.hk/en/mark-six/results/2008-05-13
15/5/2008,2008,7,21,22,38,45,47,"5,000,000",1,https://lottery.hk/en/mark-six/results/2008-05-15
17/5/2008,2008,3,18,24,45,46,48,0,0,https://lottery.hk/en/mark-six/results/2008-05-17
20/5/2008,2008,1,4,6,23,25,47,"13,369,550",2,https://lottery.hk/en/mark-six/results/2008-05-20
22/5/2008,2008,1,19,23,29,34,41,0,0,https://lottery.hk/en/mark-six/results/2008-05-22
24/5/2008,2008,1,5,12,14,19,31,"10,181,005",1,https://lottery.hk/en/mark-six/results/2008-05-24
27/5/2008,2008,22,23,24,28,29,43,"5,000,000",1,https://lottery.hk/en/mark-six/results/2008-05-27
29/5/2008,2008,1,6,27,39,44,49,0,0,https://lottery.hk/en/mark-six/results/2008-05-29
31/5/2008,2008,11,26,31,34,36,42,0,0,https://lottery.hk/en/mark-six/results/2008-05-31
3/6/2008,2008,5,32,33,40,41,49,"15,394,260",2,https://lottery.hk/en/mark-six/results/2008-06-03
7/6/2008,2008,6,11,14,23,39,45,"1,666,665",3,https://lottery.hk/en/mark-six/results/2008-06-07
10/6/2008,2008,2,7,11,20,29,45,0,0,https://lottery.hk/en/mark-six/results/2008-06-10
12/6/2008,2008,4,6,9,15,22,37,0,0,https://lottery.hk/en/mark-six/results/2008-06-12
14/6/2008,2008,3,15,19,40,41,44,0,0,https://lottery.hk/en/mark-six/results/2008-06-14
17/6/2008,2008,3,5,6,13,31,32,"18,784,070",1,https://lottery.hk/en/mark-six/results/2008-06-17
19/6/2008,2008,2,11,18,26,39,45,0,0,https://lottery.hk/en/mark-six/results/2008-06-19
21/6/2008,2008,1,5,13,29,34,44,0,0,https://lottery.hk/en/mark-six/results/2008-06-21
24/6/2008,2008,8,9,22,27,29,42,0,0,https://lottery.hk/en/mark-six/results/2008-06-24
27/6/2008,2008,8,33,39,40,46,48,"41,873,410",1,https://lottery.hk/en/mark-six/results/2008-06-27
29/6/2008,2008,1,2,7,19,28,34,0,0,https://lottery.hk/en/mark-six/results/2008-06-29
2/7/2008,2008,3,21,26,29,31,48,0,0,https://lottery.hk/en/mark-six/results/2008-07-02
5/7/2008,2008,2,6,7,15,20,38,0,0,https://lottery.hk/en/mark-six/results/2008-07-05
8/7/2008,2008,15,18,19,21,24,26,"24,237,205",1,https://lottery.hk/en/mark-six/results/2008-07-08
10/7/2008,2008,5,12,17,18,41,44,0,0,https://lottery.hk/en/mark-six/results/2008-07-10
12/7/2008,2008,5,21,25,27,38,40,0,0,https://lottery.hk/en/mark-six/results/2008-07-12
15/7/2008,2008,9,17,19,24,38,47,0,0,https://lottery.hk/en/mark-six/results/2008-07-15
17/7/2008,2008,15,18,25,27,38,47,"23,170,400",1,https://lottery.hk/en/mark-six/results/2008-07-17
19/7/2008,2008,1,18,24,29,35,46,0,0,https://lottery.hk/en/mark-six/results/2008-07-19
22/7/2008,2008,10,29,33,40,43,45,0,0,https://lottery.hk/en/mark-six/results/2008-07-22
24/7/2008,2008,5,15,29,31,38,45,"14,898,955",1,https://lottery.hk/en/mark-six/results/2008-07-24
26/7/2008,2008,9,10,12,13,41,48,0,0,https://lottery.hk/en/mark-six/results/2008-07-26
29/7/2008,2008,7,15,25,34,35,38,0,0,https://lottery.hk/en/mark-six/results/2008-07-29
31/7/2008,2008,1,8,25,33,34,41,"13,827,980",3,https://lottery.hk/en/mark-six/results/2008-07-31
2/8/2008,2008,4,6,8,11,33,35,"5,000,000",1,https://lottery.hk/en/mark-six/results/2008-08-02
5/8/2008,2008,6,11,16,38,42,49,0,0,https://lottery.hk/en/mark-six/results/2008-08-05
7/8/2008,2008,3,17,23,24,30,47,"4,860,685",2,https://lottery.hk/en/mark-six/results/2008-08-07
9/8/2008,2008,8,15,19,21,32,42,0,0,https://lottery.hk/en/mark-six/results/2008-08-09
12/8/2008,2008,10,11,15,26,28,31,0,0,https://lottery.hk/en/mark-six/results/2008-08-12
14/8/2008,2008,16,20,23,27,41,46,"16,071,565",1,https://lottery.hk/en/mark-six/results/2008-08-14
16/8/2008,2008,14,25,32,38,43,46,"5,000,000",1,https://lottery.hk/en/mark-six/results/2008-08-16
19/8/2008,2008,7,19,24,26,32,39,0,0,https://lottery.hk/en/mark-six/results/2008-08-19
21/8/2008,2008,1,3,20,21,35,37,0,0,https://lottery.hk/en/mark-six/results/2008-08-21
23/8/2008,2008,3,9,10,20,25,34,"13,831,390",1,https://lottery.hk/en/mark-six/results/2008-08-23
26/8/2008,2008,2,13,19,25,30,43,0,0,https://lottery.hk/en/mark-six/results/2008-08-26
28/8/2008,2008,1,21,27,31,34,38,0,0,https://lottery.hk/en/mark-six/results/2008-08-28
30/8/2008,2008,2,8,10,37,44,49,0,0,https://lottery.hk/en/mark-six/results/2008-08-30
2/9/2008,2008,9,13,16,22,24,31,0,0,https://lottery.hk/en/mark-six/results/2008-09-02
4/9/2008,2008,7,17,22,26,31,42,0,0,https://lottery.hk/en/mark-six/results/2008-09-04
6/9/2008,2008,4,10,18,22,23,38,"19,842,215",2,https://lottery.hk/en/mark-six/results/2008-09-06
9/9/2008,2008,3,7,15,23,29,48,"20,794,020",2,https://lottery.hk/en/mark-six/results/2008-09-09
11/9/2008,2008,2,8,12,20,25,49,"5,000,000",1,https://lottery.hk/en/mark-six/results/2008-09-11
13/9/2008,2008,3,8,9,16,34,46,0,0,https://lottery.hk/en/mark-six/results/2008-09-13
16/9/2008,2008,4,9,14,25,36,40,"9,031,915",1,https://lottery.hk/en/mark-six/results/2008-09-16
18/9/2008,2008,2,17,34,38,46,49,"5,000,000",1,https://lottery.hk/en/mark-six/results/2008-09-18
20/9/2008,2008,4,5,10,27,28,49,0,0,https://lottery.hk/en/mark-six/results/2008-09-20
25/9/2008,2008,1,4,15,16,29,46,0,0,https://lottery.hk/en/mark-six/results/2008-09-25
27/9/2008,2008,7,17,33,36,39,44,0,0,https://lottery.hk/en/mark-six/results/2008-09-27
30/9/2008,2008,11,26,27,39,40,47,0,0,https://lottery.hk/en/mark-six/results/2008-09-30
2/10/2008,2008,13,17,20,29,32,42,"35,092,340",1,https://lottery.hk/en/mark-six/results/2008-10-02
4/10/2008,2008,4,14,16,19,22,35,0,0,https://lottery.hk/en/mark-six/results/2008-10-04
7/10/2008,2008,4,10,26,34,46,49,"4,535,500",2,https://lottery.hk/en/mark-six/results/2008-10-07
9/10/2008,2008,1,2,12,19,27,38,"14,349,375",2,https://lottery.hk/en/mark-six/results/2008-10-09
11/10/2008,2008,8,11,35,37,38,46,0,0,https://lottery.hk/en/mark-six/results/2008-10-11
14/10/2008,2008,11,14,19,21,41,44,"9,694,050",1,https://lottery.hk/en/mark-six/results/2008-10-14
16/10/2008,2008,6,21,31,40,42,44,0,0,https://lottery.hk/en/mark-six/results/2008-10-16
18/10/2008,2008,3,6,7,9,32,35,0,0,https://lottery.hk/en/mark-six/results/2008-10-18
21/10/2008,2008,1,8,9,32,35,37,0,0,https://lottery.hk/en/mark-six/results/2008-10-21
23/10/2008,2008,5,9,19,21,27,46,0,0,https://lottery.hk/en/mark-six/results/2008-10-23
25/10/2008,2008,3,13,18,20,22,30,0,0,https://lottery.hk/en/mark-six/results/2008-10-25
28/10/2008,2008,3,10,11,13,26,48,0,0,https://lottery.hk/en/mark-six/results/2008-10-28
30/10/2008,2008,5,13,23,33,37,40,"48,890,260",1,https://lottery.hk/en/mark-six/results/2008-10-30
1/11/2008,2008,11,17,19,23,32,44,0,0,https://lottery.hk/en/mark-six/results/2008-11-01
3/11/2008,2008,1,8,20,25,38,43,0,0,https://lottery.hk/en/mark-six/results/2008-11-03
6/11/2008,2008,5,6,28,35,42,43,0,0,https://lottery.hk/en/mark-six/results/2008-11-06
9/11/2008,2008,1,4,6,15,24,48,"12,176,225",2,https://lottery.hk/en/mark-six/results/2008-11-09
11/11/2008,2008,17,19,20,27,32,35,0,0,https://lottery.hk/en/mark-six/results/2008-11-11
13/11/2008,2008,9,10,20,33,34,43,"13,659,900",3,https://lottery.hk/en/mark-six/results/2008-11-13
15/11/2008,2008,2,5,8,24,32,37,0,0,https://lottery.hk/en/mark-six/results/2008-11-15
18/11/2008,2008,5,11,18,28,29,32,0,0,https://lottery.hk/en/mark-six/results/2008-11-18
20/11/2008,2008,4,13,31,36,40,41,"14,286,415",1,https://lottery.hk/en/mark-six/results/2008-11-20
22/11/2008,2008,1,3,4,17,24,28,0,0,https://lottery.hk/en/mark-six/results/2008-11-22
25/11/2008,2008,3,9,18,38,46,48,0,0,https://lottery.hk/en/mark-six/results/2008-11-25
27/11/2008,2008,4,6,14,21,36,46,0,0,https://lottery.hk/en/mark-six/results/2008-11-27
29/11/2008,2008,5,6,27,33,36,37,"21,325,340",1,https://lottery.hk/en/mark-six/results/2008-11-29
2/12/2008,2008,3,13,29,30,31,43,"5,000,000",1,https://lottery.hk/en/mark-six/results/2008-12-02
4/12/2008,2008,8,10,28,35,37,47,0,0,https://lottery.hk/en/mark-six/results/2008-12-04
7/12/2008,2008,4,9,17,26,28,30,0,0,https://lottery.hk/en/mark-six/results/2008-12-07
9/12/2008,2008,7,14,21,43,44,47,"29,663,860",1,https://lottery.hk/en/mark-six/results/2008-12-09
11/12/2008,2008,1,10,11,41,47,48,"5,000,000",1,https://lottery.hk/en/mark-six/results/2008-12-11
13/12/2008,2008,1,7,27,36,40,48,0,0,https://lottery.hk/en/mark-six/results/2008-12-13
16/12/2008,2008,21,29,32,36,38,44,0,0,https://lottery.hk/en/mark-six/results/2008-12-16
18/12/2008,2008,2,22,27,31,40,46,"16,252,200",1,https://lottery.hk/en/mark-six/results/2008-12-18
21/12/2008,2008,6,13,20,26,34,40,0,0,https://lottery.hk/en/mark-six/results/2008-12-21
23/12/2008,2008,22,24,26,29,33,48,0,0,https://lottery.hk/en/mark-six/results/2008-12-23
27/12/2008,2008,2,17,19,21,24,34,"29,659,155",2,https://lottery.hk/en/mark-six/results/2008-12-27
30/12/2008,2008,4,8,18,29,40,47,0,0,https://lottery.hk/en/mark-six/results/2008-12-30
3/1/2009,2009,2,10,16,21,22,30,0,0,https://lottery.hk/en/mark-six/results/2009-01-03
6/1/2009,2009,9,14,23,30,42,45,"8,335,270",2,https://lottery.hk/en/mark-six/results/2009-01-06
8/1/2009,2009,18,19,22,33,42,46,0,0,https://lottery.hk/en/mark-six/results/2009-01-08
11/1/2009,2009,3,7,16,19,44,47,0,0,https://lottery.hk/en/mark-six/results/2009-01-11
13/1/2009,2009,12,15,36,40,41,49,"16,231,080",1,https://lottery.hk/en/mark-six/results/2009-01-13
15/1/2009,2009,6,9,10,12,24,32,"5,000,000",1,https://lottery.hk/en/mark-six/results/2009-01-15
17/1/2009,2009,1,15,16,28,29,47,"5,000,000",1,https://lottery.hk/en/mark-six/results/2009-01-17
20/1/2009,2009,5,13,22,29,34,42,0,0,https://lottery.hk/en/mark-six/results/2009-01-20
23/1/2009,2009,5,17,37,38,44,47,"37,514,940",2,https://lottery.hk/en/mark-six/results/2009-01-23
25/1/2009,2009,4,12,19,40,44,47,0,0,https://lottery.hk/en/mark-six/results/2009-01-25
27/1/2009,2009,7,13,17,21,42,45,0,0,https://lottery.hk/en/mark-six/results/2009-01-27
29/1/2009,2009,6,8,9,17,25,36,0,0,https://lottery.hk/en/mark-six/results/2009-01-29
31/1/2009,2009,4,9,10,14,24,29,"6,222,920",3,https://lottery.hk/en/mark-six/results/2009-01-31
3/2/2009,2009,8,12,26,31,44,46,"5,000,000",1,https://lottery.hk/en/mark-six/results/2009-02-03
5/2/2009,2009,3,23,25,36,46,47,0,0,https://lottery.hk/en/mark-six/results/2009-02-05
7/2/2009,2009,9,12,42,44,45,48,0,0,https://lottery.hk/en/mark-six/results/2009-02-07
10/2/2009,2009,4,6,14,21,24,48,"7,699,240",2,https://lottery.hk/en/mark-six/results/2009-02-10
12/2/2009,2009,10,14,22,28,32,42,0,0,https://lottery.hk/en/mark-six/results/2009-02-12
14/2/2009,2009,12,17,31,37,39,46,0,0,https://lottery.hk/en/mark-six/results/2009-02-14
17/2/2009,2009,8,12,15,26,39,44,"14,101,445",2,https://lottery.hk/en/mark-six/results/2009-02-17
19/2/2009,2009,6,9,16,26,29,36,"555,555",9,https://lottery.hk/en/mark-six/results/2009-02-19
21/2/2009,2009,7,8,14,15,20,21,"5,000,000",1,https://lottery.hk/en/mark-six/results/2009-02-21
24/2/2009,2009,1,9,32,37,38,47,0,0,https://lottery.hk/en/mark-six/results/2009-02-24
26/2/2009,2009,14,15,19,23,24,25,0,0,https://lottery.hk/en/mark-six/results/2009-02-26
28/2/2009,2009,5,15,22,24,34,46,0,0,https://lottery.hk/en/mark-six/results/2009-02-28
3/3/2009,2009,22,25,30,37,38,49,0,0,https://lottery.hk/en/mark-six/results/2009-03-03
5/3/2009,2009,2,7,17,20,33,47,"17,493,305",2,https://lottery.hk/en/mark-six/results/2009-03-05
8/3/2009,2009,3,4,11,28,37,40,0,0,https://lottery.hk/en/mark-six/results/2009-03-08
10/3/2009,2009,21,27,32,33,39,48,0,0,https://lottery.hk/en/mark-six/results/2009-03-10
12/3/2009,2009,2,12,15,16,30,32,"13,038,055",3,https://lottery.hk/en/mark-six/results/2009-03-12
14/3/2009,2009,10,16,19,33,42,43,"5,000,000",1,https://lottery.hk/en/mark-six/results/2009-03-14
17/3/2009,2009,11,12,14,17,21,37,"2,500,000",2,https://lottery.hk/en/mark-six/results/2009-03-17
19/3/2009,2009,6,14,18,21,32,46,0,0,https://lottery.hk/en/mark-six/results/2009-03-19
21/3/2009,2009,13,23,27,32,34,43,0,0,https://lottery.hk/en/mark-six/results/2009-03-21
24/3/2009,2009,4,12,15,16,38,46,0,0,https://lottery.hk/en/mark-six/results/2009-03-24
26/3/2009,2009,5,14,34,36,38,42,"22,911,730",1,https://lottery.hk/en/mark-six/results/2009-03-26
29/3/2009,2009,24,32,36,40,42,43,0,0,https://lottery.hk/en/mark-six/results/2009-03-29
31/3/2009,2009,1,7,15,23,29,35,"9,361,260",1,https://lottery.hk/en/mark-six/results/2009-03-31
2/4/2009,2009,7,13,20,33,39,45,0,0,https://lottery.hk/en/mark-six/results/2009-04-02
4/4/2009,2009,2,6,10,17,18,46,0,0,https://lottery.hk/en/mark-six/results/2009-04-04
7/4/2009,2009,4,21,22,29,41,45,"31,041,760",1,https://lottery.hk/en/mark-six/results/2009-04-07
9/4/2009,2009,7,9,22,29,44,49,0,0,https://lottery.hk/en/mark-six/results/2009-04-09
11/4/2009,2009,3,16,25,38,45,47,0,0,https://lottery.hk/en/mark-six/results/2009-04-11
14/4/2009,2009,2,7,22,27,41,42,0,0,https://lottery.hk/en/mark-six/results/2009-04-14
16/4/2009,2009,1,11,12,19,28,30,"9,855,770",2,https://lottery.hk/en/mark-six/results/2009-04-16
18/4/2009,2009,10,14,22,29,33,48,0,0,https://lottery.hk/en/mark-six/results/2009-04-18
21/4/2009,2009,4,18,31,41,42,43,"10,013,435",1,https://lottery.hk/en/mark-six/results/2009-04-21
23/4/2009,2009,15,20,34,42,45,46,0,0,https://lottery.hk/en/mark-six/results/2009-04-23
25/4/2009,2009,4,17,34,38,46,49,0,0,https://lottery.hk/en/mark-six/results/2009-04-25
28/4/2009,2009,3,7,20,34,36,41,0,0,https://lottery.hk/en/mark-six/results/2009-04-28
30/4/2009,2009,8,11,21,30,38,49,"23,304,255",1,https://lottery.hk/en/mark-six/results/2009-04-30
2/5/2009,2009,1,6,18,29,39,48,0,0,https://lottery.hk/en/mark-six/results/2009-05-02
5/5/2009,2009,5,29,30,31,41,45,"5,086,930",2,https://lottery.hk/en/mark-six/results/2009-05-05
7/5/2009,2009,2,3,7,9,16,34,"5,000,000",1,https://lottery.hk/en/mark-six/results/2009-05-07
10/5/2009,2009,11,14,21,28,41,48,0,0,https://lottery.hk/en/mark-six/results/2009-05-10
12/5/2009,2009,9,25,29,36,38,41,0,0,https://lottery.hk/en/mark-six/results/2009-05-12
14/5/2009,2009,6,23,31,43,46,49,0,0,https://lottery.hk/en/mark-six/results/2009-05-14
16/5/2009,2009,3,7,11,18,20,27,0,0,https://lottery.hk/en/mark-six/results/2009-05-16
19/5/2009,2009,28,33,36,38,40,45,"32,332,150",1,https://lottery.hk/en/mark-six/results/2009-05-19
23/5/2009,2009,1,8,21,32,37,46,0,0,https://lottery.hk/en/mark-six/results/2009-05-23
26/5/2009,2009,11,14,19,25,27,47,"31,180,415",1,https://lottery.hk/en/mark-six/results/2009-05-26
28/5/2009,2009,2,12,20,28,46,49,"5,000,000",1,https://lottery.hk/en/mark-six/results/2009-05-28
30/5/2009,2009,9,12,14,20,27,36,"5,000,000",1,https://lottery.hk/en/mark-six/results/2009-05-30
2/6/2009,2009,5,7,18,26,29,47,0,0,https://lottery.hk/en/mark-six/results/2009-06-02
4/6/2009,2009,4,9,19,22,24,43,0,0,https://lottery.hk/en/mark-six/results/2009-06-04
6/6/2009,2009,1,5,8,23,32,48,0,0,https://lottery.hk/en/mark-six/results/2009-06-06
9/6/2009,2009,7,13,16,35,42,46,0,0,https://lottery.hk/en/mark-six/results/2009-06-09
11/6/2009,2009,8,11,15,20,33,43,0,0,https://lottery.hk/en/mark-six/results/2009-06-11
14/6/2009,2009,12,13,25,39,42,43,"37,337,865",1,https://lottery.hk/en/mark-six/results/2009-06-14
16/6/2009,2009,16,25,27,30,37,41,"5,000,000",1,https://lottery.hk/en/mark-six/results/2009-06-16
18/6/2009,2009,2,11,17,19,22,26,"5,000,000",1,https://lottery.hk/en/mark-six/results/2009-06-18
20/6/2009,2009,7,11,24,32,35,49,"5,000,000",1,https://lottery.hk/en/mark-six/results/2009-06-20
23/6/2009,2009,1,19,34,39,43,48,"40,097,340",1,https://lottery.hk/en/mark-six/results/2009-06-23
25/6/2009,2009,12,19,26,30,36,45,0,0,https://lottery.hk/en/mark-six/results/2009-06-25
27/6/2009,2009,16,18,21,26,30,48,0,0,https://lottery.hk/en/mark-six/results/2009-06-27
30/6/2009,2009,5,11,15,17,25,46,0,0,https://lottery.hk/en/mark-six/results/2009-06-30
2/7/2009,2009,6,19,22,24,29,40,"23,037,500",1,https://lottery.hk/en/mark-six/results/2009-07-02
4/7/2009,2009,2,14,17,19,20,49,0,0,https://lottery.hk/en/mark-six/results/2009-07-04
7/7/2009,2009,6,27,30,38,41,47,"10,490,230",1,https://lottery.hk/en/mark-six/results/2009-07-07
9/7/2009,2009,4,24,26,30,31,46,0,0,https://lottery.hk/en/mark-six/results/2009-07-09
11/7/2009,2009,2,9,18,21,32,47,"10,746,100",1,https://lottery.hk/en/mark-six/results/2009-07-11
14/7/2009,2009,2,10,19,39,46,47,"5,000,000",1,https://lottery.hk/en/mark-six/results/2009-07-14
16/7/2009,2009,3,5,14,17,29,45,"5,000,000",1,https://lottery.hk/en/mark-six/results/2009-07-16
18/7/2009,2009,24,28,29,38,39,41,0,0,https://lottery.hk/en/mark-six/results/2009-07-18
21/7/2009,2009,1,4,6,13,15,48,0,0,https://lottery.hk/en/mark-six/results/2009-07-21
23/7/2009,2009,1,3,11,15,39,47,"16,800,000",1,https://lottery.hk/en/mark-six/results/2009-07-23
25/7/2009,2009,4,22,23,31,36,47,0,0,https://lottery.hk/en/mark-six/results/2009-07-25
28/7/2009,2009,4,11,20,28,46,49,"30,473,820",1,https://lottery.hk/en/mark-six/results/2009-07-28
30/7/2009,2009,4,11,12,18,21,40,0,0,https://lottery.hk/en/mark-six/results/2009-07-30
1/8/2009,2009,1,8,20,45,47,48,0,0,https://lottery.hk/en/mark-six/results/2009-08-01
4/8/2009,2009,9,27,32,34,36,37,0,0,https://lottery.hk/en/mark-six/results/2009-08-04
6/8/2009,2009,18,28,38,39,47,48,"6,153,815",3,https://lottery.hk/en/mark-six/results/2009-08-06
8/8/2009,2009,5,8,10,11,23,30,"1,000,000",5,https://lottery.hk/en/mark-six/results/2009-08-08
11/8/2009,2009,1,15,23,24,31,39,0,0,https://lottery.hk/en/mark-six/results/2009-08-11
13/8/2009,2009,3,6,18,27,29,37,0,0,https://lottery.hk/en/mark-six/results/2009-08-13
15/8/2009,2009,6,16,20,23,24,34,0,0,https://lottery.hk/en/mark-six/results/2009-08-15
18/8/2009,2009,1,3,15,18,20,33,0,0,https://lottery.hk/en/mark-six/results/2009-08-18
20/8/2009,2009,12,15,22,26,27,29,"29,692,395",1,https://lottery.hk/en/mark-six/results/2009-08-20
22/8/2009,2009,3,4,12,29,32,48,0,0,https://lottery.hk/en/mark-six/results/2009-08-22
25/8/2009,2009,5,11,12,15,24,32,0,0,https://lottery.hk/en/mark-six/results/2009-08-25
27/8/2009,2009,5,8,17,24,30,42,0,0,https://lottery.hk/en/mark-six/results/2009-08-27
29/8/2009,2009,4,17,18,26,33,35,0,0,https://lottery.hk/en/mark-six/results/2009-08-29
1/9/2009,2009,17,19,22,27,40,46,"16,408,335",2,https://lottery.hk/en/mark-six/results/2009-09-01
4/9/2009,2009,6,9,14,17,47,49,0,0,https://lottery.hk/en/mark-six/results/2009-09-04
6/9/2009,2009,9,24,35,40,41,48,0,0,https://lottery.hk/en/mark-six/results/2009-09-06
8/9/2009,2009,11,13,16,20,21,28,"7,612,335",2,https://lottery.hk/en/mark-six/results/2009-09-08
10/9/2009,2009,7,29,31,32,33,35,0,0,https://lottery.hk/en/mark-six/results/2009-09-10
12/9/2009,2009,1,3,14,17,35,43,0,0,https://lottery.hk/en/mark-six/results/2009-09-12
15/9/2009,2009,11,14,16,17,35,49,0,0,https://lottery.hk/en/mark-six/results/2009-09-15
17/9/2009,2009,19,21,24,28,30,48,"22,080,625",1,https://lottery.hk/en/mark-six/results/2009-09-17
19/9/2009,2009,20,23,28,37,39,41,0,0,https://lottery.hk/en/mark-six/results/2009-09-19
22/9/2009,2009,1,5,9,18,24,32,0,0,https://lottery.hk/en/mark-six/results/2009-09-22
24/9/2009,2009,9,19,22,26,34,36,"13,320,465",1,https://lottery.hk/en/mark-six/results/2009-09-24
27/9/2009,2009,1,3,9,30,41,47,"5,000,000",1,https://lottery.hk/en/mark-six/results/2009-09-27
29/9/2009,2009,1,5,15,33,40,48,"30,628,460",1,https://lottery.hk/en/mark-six/results/2009-09-29
3/10/2009,2009,4,6,11,16,22,39,"5,000,000",1,https://lottery.hk/en/mark-six/results/2009-10-03
6/10/2009,2009,12,15,17,24,36,49,0,0,https://lottery.hk/en/mark-six/results/2009-10-06
8/10/2009,2009,21,31,33,35,39,44,0,0,https://lottery.hk/en/mark-six/results/2009-10-08
10/10/2009,2009,2,12,16,19,20,49,"16,868,270",1,https://lottery.hk/en/mark-six/results/2009-10-10
13/10/2009,2009,13,15,18,36,43,45,"5,000,000",1,https://lottery.hk/en/mark-six/results/2009-10-13
15/10/2009,2009,15,17,22,37,39,47,0,0,https://lottery.hk/en/mark-six/results/2009-10-15
18/10/2009,2009,2,4,15,20,32,42,0,0,https://lottery.hk/en/mark-six/results/2009-10-18
20/10/2009,2009,8,26,34,36,39,46,0,0,https://lottery.hk/en/mark-six/results/2009-10-20
22/10/2009,2009,1,2,24,29,40,47,0,0,https://lottery.hk/en/mark-six/results/2009-10-22
24/10/2009,2009,22,25,26,34,41,45,"15,187,950",2,https://lottery.hk/en/mark-six/results/2009-10-24
27/10/2009,2009,13,16,31,35,41,42,0,0,https://lottery.hk/en/mark-six/results/2009-10-27
29/10/2009,2009,13,14,15,16,18,44,0,0,https://lottery.hk/en/mark-six/results/2009-10-29
31/10/2009,2009,11,25,27,29,30,44,0,0,https://lottery.hk/en/mark-six/results/2009-10-31
3/11/2009,2009,3,19,33,42,43,45,"24,323,900",1,https://lottery.hk/en/mark-six/results/2009-11-03
5/11/2009,2009,3,9,13,31,40,42,0,0,https://lottery.hk/en/mark-six/results/2009-11-05
8/11/2009,2009,2,17,27,32,35,38,"9,883,590",1,https://lottery.hk/en/mark-six/results/2009-11-08
10/11/2009,2009,2,8,18,22,24,35,0,0,https://lottery.hk/en/mark-six/results/2009-11-10
12/11/2009,2009,1,6,9,10,20,46,"7,571,125",1,https://lottery.hk/en/mark-six/results/2009-11-12
14/11/2009,2009,3,6,15,26,28,42,0,0,https://lottery.hk/en/mark-six/results/2009-11-14
17/11/2009,2009,2,4,9,28,42,43,0,0,https://lottery.hk/en/mark-six/results/2009-11-17
19/11/2009,2009,11,13,19,35,41,45,0,0,https://lottery.hk/en/mark-six/results/2009-11-19
21/11/2009,2009,2,8,23,28,38,45,"21,124,030",1,https://lottery.hk/en/mark-six/results/2009-11-21
24/11/2009,2009,7,21,24,33,35,45,0,0,https://lottery.hk/en/mark-six/results/2009-11-24
26/11/2009,2009,1,3,9,17,18,42,"17,964,920",2,https://lottery.hk/en/mark-six/results/2009-11-26
28/11/2009,2009,1,5,25,32,38,39,"5,000,000",1,https://lottery.hk/en/mark-six/results/2009-11-28
1/12/2009,2009,4,5,10,17,39,44,"5,000,000",1,https://lottery.hk/en/mark-six/results/2009-12-01
3/12/2009,2009,10,15,20,21,34,46,0,0,https://lottery.hk/en/mark-six/results/2009-12-03
5/12/2009,2009,1,14,17,23,35,38,"9,313,755",1,https://lottery.hk/en/mark-six/results/2009-12-05
8/12/2009,2009,6,12,23,29,31,35,0,0,https://lottery.hk/en/mark-six/results/2009-12-08
10/12/2009,2009,4,8,15,16,34,49,0,0,https://lottery.hk/en/mark-six/results/2009-12-10
12/12/2009,2009,8,9,37,40,46,49,0,0,https://lottery.hk/en/mark-six/results/2009-12-12
15/12/2009,2009,10,27,28,40,46,47,"22,783,415",1,https://lottery.hk/en/mark-six/results/2009-12-15
17/12/2009,2009,2,4,30,37,43,49,0,0,https://lottery.hk/en/mark-six/results/2009-12-17
20/12/2009,2009,2,4,24,28,32,45,0,0,https://lottery.hk/en/mark-six/results/2009-12-20
22/12/2009,2009,6,23,30,33,43,44,0,0,https://lottery.hk/en/mark-six/results/2009-12-22
24/12/2009,2009,20,22,26,27,31,44,"44,681,575",1,https://lottery.hk/en/mark-six/results/2009-12-24
26/12/2009,2009,6,17,21,27,36,42,"5,000,000",1,https://lottery.hk/en/mark-six/results/2009-12-26
29/12/2009,2009,9,27,33,38,39,40,0,0,https://lottery.hk/en/mark-six/results/2009-12-29
31/12/2009,2009,26,28,31,33,40,41,0,0,https://lottery.hk/en/mark-six/results/2009-12-31
2/1/2010,2010,11,13,16,18,21,22,"3,629,600",4,https://lottery.hk/en/mark-six/results/2010-01-02
5/1/2010,2010,5,14,16,22,26,28,0,0,https://lottery.hk/en/mark-six/results/2010-01-05
7/1/2010,2010,5,14,16,25,45,48,0,0,https://lottery.hk/en/mark-six/results/2010-01-07
9/1/2010,2010,4,8,16,39,40,45,0,0,https://lottery.hk/en/mark-six/results/2010-01-09
12/1/2010,2010,9,23,25,29,30,48,"23,594,340",1,https://lottery.hk/en/mark-six/results/2010-01-12
14/1/2010,2010,21,26,27,35,38,48,0,0,https://lottery.hk/en/mark-six/results/2010-01-14
17/1/2010,2010,5,18,19,28,35,45,0,0,https://lottery.hk/en/mark-six/results/2010-01-17
19/1/2010,2010,2,3,9,24,33,41,0,0,https://lottery.hk/en/mark-six/results/2010-01-19
21/1/2010,2010,6,7,17,24,41,48,"12,523,770",2,https://lottery.hk/en/mark-six/results/2010-01-21
23/1/2010,2010,18,19,26,34,39,46,0,0,https://lottery.hk/en/mark-six/results/2010-01-23
26/1/2010,2010,8,9,17,31,37,38,0,0,https://lottery.hk/en/mark-six/results/2010-01-26
28/1/2010,2010,3,9,15,32,43,46,"15,859,435",1,https://lottery.hk/en/mark-six/results/2010-01-28
30/1/2010,2010,2,4,6,30,32,34,"2,500,000",2,https://lottery.hk/en/mark-six/results/2010-01-30
2/2/2010,2010,1,10,13,14,38,39,0,0,https://lottery.hk/en/mark-six/results/2010-02-02
4/2/2010,2010,9,20,25,36,42,47,"10,438,295",1,https://lottery.hk/en/mark-six/results/2010-02-04
6/2/2010,2010,1,5,13,16,24,41,0,0,https://lottery.hk/en/mark-six/results/2010-02-06
9/2/2010,2010,4,8,10,13,14,49,"38,609,565",1,https://lottery.hk/en/mark-six/results/2010-02-09
11/2/2010,2010,21,24,27,32,35,36,"5,000,000",1,https://lottery.hk/en/mark-six/results/2010-02-11
13/2/2010,2010,5,21,26,27,28,29,"5,000,000",1,https://lottery.hk/en/mark-six/results/2010-02-13
15/2/2010,2010,1,7,17,20,29,49,0,0,https://lottery.hk/en/mark-six/results/2010-02-15
18/2/2010,2010,4,5,7,11,28,32,0,0,https://lottery.hk/en/mark-six/results/2010-02-18
20/2/2010,2010,3,4,11,15,32,45,0,0,https://lottery.hk/en/mark-six/results/2010-02-20
23/2/2010,2010,8,19,43,44,48,49,"23,075,320",1,https://lottery.hk/en/mark-six/results/2010-02-23
25/2/2010,2010,11,20,31,37,44,47,0,0,https://lottery.hk/en/mark-six/results/2010-02-25
27/2/2010,2010,16,17,18,22,25,36,0,0,https://lottery.hk/en/mark-six/results/2010-02-27
2/3/2010,2010,1,6,10,21,28,35,0,0,https://lottery.hk/en/mark-six/results/2010-03-02
4/3/2010,2010,10,11,24,33,34,38,0,0,https://lottery.hk/en/mark-six/results/2010-03-04
7/3/2010,2010,3,12,26,28,31,46,"33,237,010",1,https://lottery.hk/en/mark-six/results/2010-03-07
9/3/2010,2010,9,13,14,17,28,45,0,0,https://lottery.hk/en/mark-six/results/2010-03-09
11/3/2010,2010,10,14,35,40,43,48,0,0,https://lottery.hk/en/mark-six/results/2010-03-11
13/3/2010,2010,1,4,14,18,22,39,0,0,https://lottery.hk/en/mark-six/results/2010-03-13
16/3/2010,2010,4,16,28,37,38,47,0,0,https://lottery.hk/en/mark-six/results/2010-03-16
18/3/2010,2010,4,19,30,37,39,41,0,0,https://lottery.hk/en/mark-six/results/2010-03-18
20/3/2010,2010,8,12,29,33,39,45,0,0,https://lottery.hk/en/mark-six/results/2010-03-20
23/3/2010,2010,7,11,22,27,32,46,"13,161,965",5,https://lottery.hk/en/mark-six/results/2010-03-23
25/3/2010,2010,14,16,29,44,45,47,0,0,https://lottery.hk/en/mark-six/results/2010-03-25
27/3/2010,2010,1,3,8,22,36,44,0,0,https://lottery.hk/en/mark-six/results/2010-03-27
30/3/2010,2010,2,22,29,31,40,48,"33,012,280",1,https://lottery.hk/en/mark-six/results/2010-03-30
1/4/2010,2010,20,21,23,31,42,43,0,0,https://lottery.hk/en/mark-six/results/2010-04-01
3/4/2010,2010,11,23,35,37,40,43,0,0,https://lottery.hk/en/mark-six/results/2010-04-03
6/4/2010,2010,11,20,25,35,42,45,0,0,https://lottery.hk/en/mark-six/results/2010-04-06
8/4/2010,2010,3,5,25,30,33,37,"25,238,935",1,https://lottery.hk/en/mark-six/results/2010-04-08
11/4/2010,2010,2,7,20,36,38,41,0,0,https://lottery.hk/en/mark-six/results/2010-04-11
13/4/2010,2010,31,32,33,37,42,46,"5,199,965",2,https://lottery.hk/en/mark-six/results/2010-04-13
15/4/2010,2010,19,21,30,35,36,37,0,0,https://lottery.hk/en/mark-six/results/2010-04-15
17/4/2010,2010,1,2,24,38,42,49,0,0,https://lottery.hk/en/mark-six/results/2010-04-17
20/4/2010,2010,6,17,25,27,35,40,"15,219,685",2,https://lottery.hk/en/mark-six/results/2010-04-20
22/4/2010,2010,1,16,23,29,39,46,0,0,https://lottery.hk/en/mark-six/results/2010-04-22
24/4/2010,2010,5,12,16,23,29,39,"8,894,105",1,https://lottery.hk/en/mark-six/results/2010-04-24
27/4/2010,2010,3,13,18,21,22,33,"2,500,000",2,https://lottery.hk/en/mark-six/results/2010-04-27
29/4/2010,2010,5,7,24,26,41,49,0,0,https://lottery.hk/en/mark-six/results/2010-04-29
2/5/2010,2010,7,16,26,28,41,44,0,0,https://lottery.hk/en/mark-six/results/2010-05-02
4/5/2010,2010,19,24,34,40,41,46,"15,935,960",1,https://lottery.hk/en/mark-six/results/2010-05-04
6/5/2010,2010,2,31,37,38,39,40,0,0,https://lottery.hk/en/mark-six/results/2010-05-06
9/5/2010,2010,1,5,8,21,27,34,"8,994,495",1,https://lottery.hk/en/mark-six/results/2010-05-09
11/5/2010,2010,15,26,29,34,35,40,0,0,https://lottery.hk/en/mark-six/results/2010-05-11
13/5/2010,2010,16,22,31,37,39,49,0,0,https://lottery.hk/en/mark-six/results/2010-05-13
15/5/2010,2010,1,29,32,39,44,47,"18,138,150",1,https://lottery.hk/en/mark-six/results/2010-05-15
18/5/2010,2010,4,7,12,20,39,48,0,0,https://lottery.hk/en/mark-six/results/2010-05-18
20/5/2010,2010,4,10,11,15,22,37,"19,817,155",2,https://lottery.hk/en/mark-six/results/2010-05-20
22/5/2010,2010,12,17,18,26,29,33,0,0,https://lottery.hk/en/mark-six/results/2010-05-22
25/5/2010,2010,14,18,30,40,43,46,0,0,https://lottery.hk/en/mark-six/results/2010-05-25
27/5/2010,2010,9,22,28,32,33,49,0,0,https://lottery.hk/en/mark-six/results/2010-05-27
29/5/2010,2010,4,16,25,26,33,42,0,0,https://lottery.hk/en/mark-six/results/2010-05-29
1/6/2010,2010,7,11,13,24,28,46,0,0,https://lottery.hk/en/mark-six/results/2010-06-01
3/6/2010,2010,5,16,19,26,42,44,0,0,https://lottery.hk/en/mark-six/results/2010-06-03
5/6/2010,2010,9,15,30,37,38,40,"29,186,880",2,https://lottery.hk/en/mark-six/results/2010-06-05
8/6/2010,2010,7,8,12,21,23,47,0,0,https://lottery.hk/en/mark-six/results/2010-06-08
10/6/2010,2010,8,26,32,35,36,49,"40,085,640",1,https://lottery.hk/en/mark-six/results/2010-06-10
13/6/2010,2010,2,11,19,20,21,40,"5,000,000",1,https://lottery.hk/en/mark-six/results/2010-06-13
15/6/2010,2010,5,10,18,21,35,49,0,0,https://lottery.hk/en/mark-six/results/2010-06-15
17/6/2010,2010,5,11,15,42,45,48,0,0,https://lottery.hk/en/mark-six/results/2010-06-17
19/6/2010,2010,2,8,12,13,27,35,"14,391,610",1,https://lottery.hk/en/mark-six/results/2010-06-19
22/6/2010,2010,2,4,9,20,35,40,0,0,https://lottery.hk/en/mark-six/results/2010-06-22
24/6/2010,2010,5,23,26,31,34,49,0,0,https://lottery.hk/en/mark-six/results/2010-06-24
26/6/2010,2010,7,13,15,20,21,41,"16,721,705",1,https://lottery.hk/en/mark-six/results/2010-06-26
29/6/2010,2010,8,11,21,38,41,48,0,0,https://lottery.hk/en/mark-six/results/2010-06-29
3/7/2010,2010,2,13,14,21,45,49,0,0,https://lottery.hk/en/mark-six/results/2010-07-03
6/7/2010,2010,14,17,21,29,42,46,"17,397,970",1,https://lottery.hk/en/mark-six/results/2010-07-06
8/7/2010,2010,4,16,40,43,46,47,0,0,https://lottery.hk/en/mark-six/results/2010-07-08
10/7/2010,2010,2,22,25,27,35,42,"4,610,435",2,https://lottery.hk/en/mark-six/results/2010-07-10
13/7/2010,2010,2,3,5,25,43,48,0,0,https://lottery.hk/en/mark-six/results/2010-07-13
15/7/2010,2010,2,10,16,18,41,44,0,0,https://lottery.hk/en/mark-six/results/2010-07-15
17/7/2010,2010,7,12,30,34,40,48,0,0,https://lottery.hk/en/mark-six/results/2010-07-17
20/7/2010,2010,5,13,26,29,40,47,"7,669,590",4,https://lottery.hk/en/mark-six/results/2010-07-20
24/7/2010,2010,6,15,22,25,33,42,0,0,https://lottery.hk/en/mark-six/results/2010-07-24
27/7/2010,2010,4,17,23,28,43,46,0,0,https://lottery.hk/en/mark-six/results/2010-07-27
29/7/2010,2010,12,13,38,41,44,49,0,0,https://lottery.hk/en/mark-six/results/2010-07-29
31/7/2010,2010,12,28,29,33,35,37,0,0,https://lottery.hk/en/mark-six/results/2010-07-31
3/8/2010,2010,9,17,26,31,35,36,"34,111,400",1,https://lottery.hk/en/mark-six/results/2010-08-03
5/8/2010,2010,8,30,42,46,48,49,0,0,https://lottery.hk/en/mark-six/results/2010-08-05
7/8/2010,2010,3,18,34,41,45,46,0,0,https://lottery.hk/en/mark-six/results/2010-08-07
10/8/2010,2010,5,8,12,20,30,39,0,0,https://lottery.hk/en/mark-six/results/2010-08-10
12/8/2010,2010,6,17,29,33,42,48,"24,625,810",1,https://lottery.hk/en/mark-six/results/2010-08-12
14/8/2010,2010,6,12,17,34,38,46,0,0,https://lottery.hk/en/mark-six/results/2010-08-14
17/8/2010,2010,2,5,8,22,25,35,"1,288,400",4,https://lottery.hk/en/mark-six/results/2010-08-17
19/8/2010,2010,8,12,30,43,46,48,0,0,https://lottery.hk/en/mark-six/results/2010-08-19
21/8/2010,2010,18,21,34,37,40,49,0,0,https://lottery.hk/en/mark-six/results/2010-08-21
24/8/2010,2010,6,9,11,16,25,37,0,0,https://lottery.hk/en/mark-six/results/2010-08-24
26/8/2010,2010,1,7,9,10,36,44,"22,008,965",1,https://lottery.hk/en/mark-six/results/2010-08-26
28/8/2010,2010,1,3,6,7,36,49,0,0,https://lottery.hk/en/mark-six/results/2010-08-28
30/8/2010,2010,6,16,39,40,46,49,0,0,https://lottery.hk/en/mark-six/results/2010-08-30
2/9/2010,2010,3,7,11,20,23,48,"13,333,350",1,https://lottery.hk/en/mark-six/results/2010-09-02
4/9/2010,2010,17,19,25,34,43,45,0,0,https://lottery.hk/en/mark-six/results/2010-09-04
7/9/2010,2010,2,3,16,42,43,45,0,0,https://lottery.hk/en/mark-six/results/2010-09-07
9/9/2010,2010,2,4,19,34,37,41,0,0,https://lottery.hk/en/mark-six/results/2010-09-09
11/9/2010,2010,10,20,24,35,36,39,0,0,https://lottery.hk/en/mark-six/results/2010-09-11
14/9/2010,2010,3,4,7,22,30,39,0,0,https://lottery.hk/en/mark-six/results/2010-09-14
16/9/2010,2010,5,8,31,46,47,49,"20,675,100",2,https://lottery.hk/en/mark-six/results/2010-09-16
19/9/2010,2010,12,17,19,26,33,40,0,0,https://lottery.hk/en/mark-six/results/2010-09-19
21/9/2010,2010,10,13,23,35,36,48,"31,023,870",1,https://lottery.hk/en/mark-six/results/2010-09-21
25/9/2010,2010,16,23,30,37,39,43,0,0,https://lottery.hk/en/mark-six/results/2010-09-25
28/9/2010,2010,7,30,31,42,45,49,0,0,https://lottery.hk/en/mark-six/results/2010-09-28
30/9/2010,2010,9,18,21,22,26,29,0,0,https://lottery.hk/en/mark-six/results/2010-09-30
2/10/2010,2010,7,16,17,21,27,36,0,0,https://lottery.hk/en/mark-six/results/2010-10-02
5/10/2010,2010,5,6,8,16,29,31,"22,563,575",1,https://lottery.hk/en/mark-six/results/2010-10-05
7/10/2010,2010,14,15,21,22,32,40,0,0,https://lottery.hk/en/mark-six/results/2010-10-07
9/10/2010,2010,22,37,41,42,44,45,"9,257,920",1,https://lottery.hk/en/mark-six/results/2010-10-09
12/10/2010,2010,9,13,21,24,38,46,"5,236,415",1,https://lottery.hk/en/mark-six/results/2010-10-12
14/10/2010,2010,4,7,10,26,42,47,0,0,https://lottery.hk/en/mark-six/results/2010-10-14
16/10/2010,2010,1,29,30,44,45,49,0,0,https://lottery.hk/en/mark-six/results/2010-10-16
19/10/2010,2010,2,20,29,38,39,43,0,0,https://lottery.hk/en/mark-six/results/2010-10-19
21/10/2010,2010,4,9,23,35,46,49,"19,769,515",1,https://lottery.hk/en/mark-six/results/2010-10-21
23/10/2010,2010,1,28,33,41,42,45,0,0,https://lottery.hk/en/mark-six/results/2010-10-23
26/10/2010,2010,3,8,14,20,33,41,0,0,https://lottery.hk/en/mark-six/results/2010-10-26
28/10/2010,2010,8,9,17,31,36,47,"7,265,175",2,https://lottery.hk/en/mark-six/results/2010-10-28
30/10/2010,2010,7,8,12,24,30,49,0,0,https://lottery.hk/en/mark-six/results/2010-10-30
2/11/2010,2010,5,17,24,25,36,45,"4,453,715",2,https://lottery.hk/en/mark-six/results/2010-11-02
4/11/2010,2010,5,9,25,27,33,44,0,0,https://lottery.hk/en/mark-six/results/2010-11-04
9/11/2010,2010,4,15,41,43,45,49,0,0,https://lottery.hk/en/mark-six/results/2010-11-09
11/11/2010,2010,5,6,15,28,29,43,"46,496,730",0.5,https://lottery.hk/en/mark-six/results/2010-11-11
13/11/2010,2010,7,18,21,28,47,48,0,0,https://lottery.hk/en/mark-six/results/2010-11-13
16/11/2010,2010,3,12,20,39,46,49,"37,212,370",0.5,https://lottery.hk/en/mark-six/results/2010-11-16
18/11/2010,2010,6,20,30,33,39,47,0,0,https://lottery.hk/en/mark-six/results/2010-11-18
20/11/2010,2010,3,6,9,29,30,33,"11,128,430",2.5,https://lottery.hk/en/mark-six/results/2010-11-20
23/11/2010,2010,1,10,11,24,30,49,"8,000,000",1,https://lottery.hk/en/mark-six/results/2010-11-23
25/11/2010,2010,17,22,28,31,39,45,0,0,https://lottery.hk/en/mark-six/results/2010-11-25
27/11/2010,2010,13,17,25,26,43,44,0,0,https://lottery.hk/en/mark-six/results/2010-11-27
30/11/2010,2010,3,14,16,19,45,48,0,0,https://lottery.hk/en/mark-six/results/2010-11-30
2/12/2010,2010,6,11,17,31,40,41,"25,138,920",0.5,https://lottery.hk/en/mark-six/results/2010-12-02
5/12/2010,2010,9,10,20,42,46,47,0,0,https://lottery.hk/en/mark-six/results/2010-12-05
7/12/2010,2010,12,13,18,20,28,48,0,0,https://lottery.hk/en/mark-six/results/2010-12-07
9/12/2010,2010,4,10,20,25,33,36,0,0,https://lottery.hk/en/mark-six/results/2010-12-09
11/12/2010,2010,15,18,22,24,27,30,"37,963,710",1,https://lottery.hk/en/mark-six/results/2010-12-11
14/12/2010,2010,3,7,28,29,38,48,0,0,https://lottery.hk/en/mark-six/results/2010-12-14
16/12/2010,2010,12,13,18,19,27,29,0,0,https://lottery.hk/en/mark-six/results/2010-12-16
18/12/2010,2010,15,19,34,39,44,45,0,0,https://lottery.hk/en/mark-six/results/2010-12-18
20/12/2010,2010,4,5,12,16,18,41,0,0,https://lottery.hk/en/mark-six/results/2010-12-20
22/12/2010,2010,3,4,15,24,35,41,"47,624,870",1,https://lottery.hk/en/mark-six/results/2010-12-22
25/12/2010,2010,1,2,4,13,43,48,0,0,https://lottery.hk/en/mark-six/results/2010-12-25
28/12/2010,2010,8,23,28,31,36,37,0,0,https://lottery.hk/en/mark-six/results/2010-12-28
30/12/2010,2010,4,13,18,20,36,39,0,0,https://lottery.hk/en/mark-six/results/2010-12-30
2/1/2011,2011,1,13,20,24,37,39,0,0,https://lottery.hk/en/mark-six/results/2011-01-02
4/1/2011,2011,4,9,16,20,38,39,0,0,https://lottery.hk/en/mark-six/results/2011-01-04
6/1/2011,2011,4,7,14,15,19,26,"40,939,540",0.5,https://lottery.hk/en/mark-six/results/2011-01-06
8/1/2011,2011,10,12,18,21,27,33,0,0,https://lottery.hk/en/mark-six/results/2011-01-08
11/1/2011,2011,1,2,29,37,42,48,0,0,https://lottery.hk/en/mark-six/results/2011-01-11
13/1/2011,2011,17,19,25,36,40,44,"30,528,930",1.5,https://lottery.hk/en/mark-six/results/2011-01-13
15/1/2011,2011,13,18,29,31,32,46,0,0,https://lottery.hk/en/mark-six/results/2011-01-15
18/1/2011,2011,9,15,21,31,33,41,"15,268,480",1,https://lottery.hk/en/mark-six/results/2011-01-18
20/1/2011,2011,5,21,28,30,37,42,0,0,https://lottery.hk/en/mark-six/results/2011-01-20
22/1/2011,2011,1,15,30,39,45,49,0,0,https://lottery.hk/en/mark-six/results/2011-01-22
25/1/2011,2011,9,14,16,17,21,26,0,0,https://lottery.hk/en/mark-six/results/2011-01-25
27/1/2011,2011,1,6,14,25,29,35,0,0,https://lottery.hk/en/mark-six/results/2011-01-27
29/1/2011,2011,5,8,9,10,29,49,"22,846,740",1.5,https://lottery.hk/en/mark-six/results/2011-01-29
1/2/2011,2011,1,8,22,32,46,48,0,0,https://lottery.hk/en/mark-six/results/2011-02-01
3/2/2011,2011,6,8,10,28,36,37,0,0,https://lottery.hk/en/mark-six/results/2011-02-03
6/2/2011,2011,1,2,16,27,31,47,"25,678,290",2,https://lottery.hk/en/mark-six/results/2011-02-06
8/2/2011,2011,11,21,27,28,32,34,0,0,https://lottery.hk/en/mark-six/results/2011-02-08
10/2/2011,2011,2,3,9,18,20,36,0,0,https://lottery.hk/en/mark-six/results/2011-02-10
13/2/2011,2011,10,13,20,24,37,47,"19,092,450",0.5,https://lottery.hk/en/mark-six/results/2011-02-13
15/2/2011,2011,16,17,18,27,38,41,0,0,https://lottery.hk/en/mark-six/results/2011-02-15
17/2/2011,2011,9,24,25,30,35,37,"23,115,220",1,https://lottery.hk/en/mark-six/results/2011-02-17
19/2/2011,2011,13,16,18,23,34,42,0,0,https://lottery.hk/en/mark-six/results/2011-02-19
22/2/2011,2011,3,8,21,22,28,48,0,0,https://lottery.hk/en/mark-six/results/2011-02-22
24/2/2011,2011,7,26,27,29,30,41,"17,303,460",1,https://lottery.hk/en/mark-six/results/2011-02-24
26/2/2011,2011,1,24,28,33,37,47,0,0,https://lottery.hk/en/mark-six/results/2011-02-26
1/3/2011,2011,4,25,30,41,43,45,0,0,https://lottery.hk/en/mark-six/results/2011-03-01
3/3/2011,2011,8,9,13,17,33,49,0,0,https://lottery.hk/en/mark-six/results/2011-03-03
5/3/2011,2011,2,7,16,25,29,34,"27,508,640",1,https://lottery.hk/en/mark-six/results/2011-03-05
8/3/2011,2011,4,15,23,33,37,47,"8,000,000",1,https://lottery.hk/en/mark-six/results/2011-03-08
10/3/2011,2011,2,6,21,45,46,49,0,0,https://lottery.hk/en/mark-six/results/2011-03-10
13/3/2011,2011,6,14,26,27,30,43,0,0,https://lottery.hk/en/mark-six/results/2011-03-13
15/3/2011,2011,4,11,15,16,35,42,0,0,https://lottery.hk/en/mark-six/results/2011-03-15
17/3/2011,2011,4,5,23,31,39,48,0,0,https://lottery.hk/en/mark-six/results/2011-03-17
19/3/2011,2011,8,12,24,31,33,41,"31,846,080",0.5,https://lottery.hk/en/mark-six/results/2011-03-19
22/3/2011,2011,18,24,26,34,38,45,0,0,https://lottery.hk/en/mark-six/results/2011-03-22
24/3/2011,2011,10,16,17,38,42,43,0,0,https://lottery.hk/en/mark-six/results/2011-03-24
26/3/2011,2011,2,12,20,25,31,47,"65,235,750",1,https://lottery.hk/en/mark-six/results/2011-03-26
29/3/2011,2011,1,2,9,20,24,49,"8,000,000",1,https://lottery.hk/en/mark-six/results/2011-03-29
31/3/2011,2011,6,23,24,38,39,40,"5,333,330",1.5,https://lottery.hk/en/mark-six/results/2011-03-31
2/4/2011,2011,3,12,15,31,36,49,0,0,https://lottery.hk/en/mark-six/results/2011-04-02
5/4/2011,2011,8,10,26,29,41,44,0,0,https://lottery.hk/en/mark-six/results/2011-04-05
7/4/2011,2011,1,5,21,26,31,43,0,0,https://lottery.hk/en/mark-six/results/2011-04-07
10/4/2011,2011,6,10,24,34,37,47,"14,329,850",2,https://lottery.hk/en/mark-six/results/2011-04-10
12/4/2011,2011,2,4,9,12,21,31,"8,000,000",0.5,https://lottery.hk/en/mark-six/results/2011-04-12
14/4/2011,2011,12,14,23,32,37,39,0,0,https://lottery.hk/en/mark-six/results/2011-04-14
16/4/2011,2011,1,16,17,26,31,36,0,0,https://lottery.hk/en/mark-six/results/2011-04-16
19/4/2011,2011,1,8,18,20,22,46,0,0,https://lottery.hk/en/mark-six/results/2011-04-19
21/4/2011,2011,1,6,9,10,22,26,"13,329,810",3.5,https://lottery.hk/en/mark-six/results/2011-04-21
23/4/2011,2011,2,4,26,30,31,43,0,0,https://lottery.hk/en/mark-six/results/2011-04-23
26/4/2011,2011,11,15,25,29,30,49,"14,588,850",0.5,https://lottery.hk/en/mark-six/results/2011-04-26
28/4/2011,2011,1,6,15,30,33,49,0,0,https://lottery.hk/en/mark-six/results/2011-04-28
30/4/2011,2011,9,10,23,29,30,34,0,0,https://lottery.hk/en/mark-six/results/2011-04-30
3/5/2011,2011,2,3,13,23,34,38,0,0,https://lottery.hk/en/mark-six/results/2011-05-03
5/5/2011,2011,5,6,15,20,32,48,0,0,https://lottery.hk/en/mark-six/results/2011-05-05
8/5/2011,2011,10,14,26,29,39,41,0,0,https://lottery.hk/en/mark-six/results/2011-05-08
12/5/2011,2011,4,9,25,28,39,45,0,0,https://lottery.hk/en/mark-six/results/2011-05-12
14/5/2011,2011,4,10,15,22,33,35,0,0,https://lottery.hk/en/mark-six/results/2011-05-14
17/5/2011,2011,12,14,27,35,46,49,0,0,https://lottery.hk/en/mark-six/results/2011-05-17
20/5/2011,2011,13,15,18,30,32,48,"44,509,550",3,https://lottery.hk/en/mark-six/results/2011-05-20
22/5/2011,2011,15,17,22,36,45,47,0,0,https://lottery.hk/en/mark-six/results/2011-05-22
24/5/2011,2011,11,20,31,33,39,48,0,0,https://lottery.hk/en/mark-six/results/2011-05-24
26/5/2011,2011,5,6,22,37,44,48,"23,888,330",0.5,https://lottery.hk/en/mark-six/results/2011-05-26
28/5/2011,2011,7,13,34,38,43,44,"20,812,000",1,https://lottery.hk/en/mark-six/results/2011-05-28
31/5/2011,2011,1,4,10,24,30,39,0,0,https://lottery.hk/en/mark-six/results/2011-05-31
2/6/2011,2011,2,7,18,23,39,47,0,0,https://lottery.hk/en/mark-six/results/2011-06-02
4/6/2011,2011,7,8,33,36,46,49,"20,025,210",1,https://lottery.hk/en/mark-six/results/2011-06-04
7/6/2011,2011,22,24,33,36,42,49,"25,535,270",2,https://lottery.hk/en/mark-six/results/2011-06-07
9/6/2011,2011,3,5,6,15,39,42,0,0,https://lottery.hk/en/mark-six/results/2011-06-09
12/6/2011,2011,1,4,13,17,35,44,"13,981,370",0.5,https://lottery.hk/en/mark-six/results/2011-06-12
14/6/2011,2011,12,13,19,22,39,48,0,0,https://lottery.hk/en/mark-six/results/2011-06-14
16/6/2011,2011,4,12,26,44,47,48,0,0,https://lottery.hk/en/mark-six/results/2011-06-16
18/6/2011,2011,14,16,38,44,48,49,"29,300,180",1,https://lottery.hk/en/mark-six/results/2011-06-18
21/6/2011,2011,9,10,16,21,32,47,0,0,https://lottery.hk/en/mark-six/results/2011-06-21
23/6/2011,2011,2,15,27,32,43,49,0,0,https://lottery.hk/en/mark-six/results/2011-06-23
25/6/2011,2011,4,23,24,30,34,45,0,0,https://lottery.hk/en/mark-six/results/2011-06-25
28/6/2011,2011,4,15,17,43,45,47,0,0,https://lottery.hk/en/mark-six/results/2011-06-28
30/6/2011,2011,10,20,40,46,48,49,0,0,https://lottery.hk/en/mark-six/results/2011-06-30
2/7/2011,2011,5,13,31,33,34,35,0,0,https://lottery.hk/en/mark-six/results/2011-07-02
5/7/2011,2011,9,16,22,28,30,32,"59,028,690",1,https://lottery.hk/en/mark-six/results/2011-07-05
7/7/2011,2011,10,14,29,35,40,46,0,0,https://lottery.hk/en/mark-six/results/2011-07-07
9/7/2011,2011,1,10,11,13,42,48,"12,825,790",1,https://lottery.hk/en/mark-six/results/2011-07-09
12/7/2011,2011,16,18,28,33,41,45,0,0,https://lottery.hk/en/mark-six/results/2011-07-12
14/7/2011,2011,11,13,33,37,45,48,"13,699,280",1,https://lottery.hk/en/mark-six/results/2011-07-14
16/7/2011,2011,11,17,20,31,48,49,0,0,https://lottery.hk/en/mark-six/results/2011-07-16
19/7/2011,2011,3,10,31,40,41,43,0,0,https://lottery.hk/en/mark-six/results/2011-07-19
21/7/2011,2011,6,18,26,28,30,49,0,0,https://lottery.hk/en/mark-six/results/2011-07-21
24/7/2011,2011,7,8,27,29,37,48,"62,873,120",0.5,https://lottery.hk/en/mark-six/results/2011-07-24
26/7/2011,2011,15,25,26,34,35,41,0,0,https://lottery.hk/en/mark-six/results/2011-07-26
28/7/2011,2011,11,21,30,36,42,47,"34,706,930",1.5,https://lottery.hk/en/mark-six/results/2011-07-28
30/7/2011,2011,6,29,44,45,46,47,0,0,https://lottery.hk/en/mark-six/results/2011-07-30
2/8/2011,2011,11,14,21,24,25,47,0,0,https://lottery.hk/en/mark-six/results/2011-08-02
4/8/2011,2011,2,11,25,32,34,39,0,0,https://lottery.hk/en/mark-six/results/2011-08-04
6/8/2011,2011,9,30,31,34,42,45,0,0,https://lottery.hk/en/mark-six/results/2011-08-06
9/8/2011,2011,5,6,11,25,45,48,0,0,https://lottery.hk/en/mark-six/results/2011-08-09
11/8/2011,2011,4,6,7,25,35,37,"24,932,880",2,https://lottery.hk/en/mark-six/results/2011-08-11
13/8/2011,2011,11,18,23,31,37,49,0,0,https://lottery.hk/en/mark-six/results/2011-08-13
16/8/2011,2011,5,8,9,10,22,38,0,0,https://lottery.hk/en/mark-six/results/2011-08-16
18/8/2011,2011,5,14,17,43,45,49,0,0,https://lottery.hk/en/mark-six/results/2011-08-18
20/8/2011,2011,13,15,17,23,26,47,0,0,https://lottery.hk/en/mark-six/results/2011-08-20
23/8/2011,2011,11,24,25,36,41,45,0,0,https://lottery.hk/en/mark-six/results/2011-08-23
25/8/2011,2011,6,10,17,20,25,28,"42,179,490",1,https://lottery.hk/en/mark-six/results/2011-08-25
27/8/2011,2011,9,10,19,27,29,45,"8,000,000",0.5,https://lottery.hk/en/mark-six/results/2011-08-27
30/8/2011,2011,9,15,24,46,48,49,"5,440,250",1.5,https://lottery.hk/en/mark-six/results/2011-08-30
2/9/2011,2011,2,29,33,34,44,49,0,0,https://lottery.hk/en/mark-six/results/2011-09-02
4/9/2011,2011,4,18,21,22,39,46,0,0,https://lottery.hk/en/mark-six/results/2011-09-04
6/9/2011,2011,1,4,7,21,23,44,"13,684,200",1.5,https://lottery.hk/en/mark-six/results/2011-09-06
8/9/2011,2011,14,18,22,30,39,44,0,0,https://lottery.hk/en/mark-six/results/2011-09-08
10/9/2011,2011,15,19,36,44,45,49,0,0,https://lottery.hk/en/mark-six/results/2011-09-10
13/9/2011,2011,11,13,16,19,28,46,0,0,https://lottery.hk/en/mark-six/results/2011-09-13
15/9/2011,2011,5,7,13,29,41,49,"69,930,990",0.5,https://lottery.hk/en/mark-six/results/2011-09-15
17/9/2011,2011,6,12,14,25,35,43,"43,796,810",1,https://lottery.hk/en/mark-six/results/2011-09-17
20/9/2011,2011,10,27,33,40,47,48,"8,108,640",0.5,https://lottery.hk/en/mark-six/results/2011-09-20
22/9/2011,2011,8,10,19,27,39,44,0,0,https://lottery.hk/en/mark-six/results/2011-09-22
24/9/2011,2011,6,16,18,28,34,40,0,0,https://lottery.hk/en/mark-six/results/2011-09-24
27/9/2011,2011,4,22,23,37,40,49,0,0,https://lottery.hk/en/mark-six/results/2011-09-27
2/10/2011,2011,9,14,22,37,41,45,"29,904,680",1,https://lottery.hk/en/mark-six/results/2011-10-02
4/10/2011,2011,1,4,9,15,37,39,0,0,https://lottery.hk/en/mark-six/results/2011-10-04
8/10/2011,2011,4,8,24,26,37,41,0,0,https://lottery.hk/en/mark-six/results/2011-10-08
11/10/2011,2011,2,6,22,25,33,39,0,0,https://lottery.hk/en/mark-six/results/2011-10-11
13/10/2011,2011,2,8,28,30,33,40,0,0,https://lottery.hk/en/mark-six/results/2011-10-13
15/10/2011,2011,11,24,28,37,41,43,0,0,https://lottery.hk/en/mark-six/results/2011-10-15
18/10/2011,2011,4,9,23,37,47,48,"13,198,120",3.5,https://lottery.hk/en/mark-six/results/2011-10-18
20/10/2011,2011,2,16,23,32,34,35,0,0,https://lottery.hk/en/mark-six/results/2011-10-20
22/10/2011,2011,1,11,18,20,26,30,0,0,https://lottery.hk/en/mark-six/results/2011-10-22
25/10/2011,2011,17,22,26,27,29,35,"27,560,740",1.5,https://lottery.hk/en/mark-six/results/2011-10-25
27/10/2011,2011,1,9,22,43,46,48,0,0,https://lottery.hk/en/mark-six/results/2011-10-27
29/10/2011,2011,5,12,15,17,18,39,0,0,https://lottery.hk/en/mark-six/results/2011-10-29
1/11/2011,2011,8,15,19,21,24,44,0,0,https://lottery.hk/en/mark-six/results/2011-11-01
3/11/2011,2011,1,3,21,34,41,44,0,0,https://lottery.hk/en/mark-six/results/2011-11-03
6/11/2011,2011,1,3,7,11,16,34,0,0,https://lottery.hk/en/mark-six/results/2011-11-06
8/11/2011,2011,2,23,30,34,40,42,"18,800,770",2.5,https://lottery.hk/en/mark-six/results/2011-11-08
10/11/2011,2011,4,7,9,20,37,49,0,0,https://lottery.hk/en/mark-six/results/2011-11-10
12/11/2011,2011,10,17,29,33,42,48,0,0,https://lottery.hk/en/mark-six/results/2011-11-12
15/11/2011,2011,7,11,14,25,26,30,0,0,https://lottery.hk/en/mark-six/results/2011-11-15
17/11/2011,2011,3,6,23,24,42,44,"29,149,350",1,https://lottery.hk/en/mark-six/results/2011-11-17
19/11/2011,2011,10,12,13,14,22,47,0,0,https://lottery.hk/en/mark-six/results/2011-11-19
22/11/2011,2011,7,21,24,31,43,47,0,0,https://lottery.hk/en/mark-six/results/2011-11-22
24/11/2011,2011,3,5,19,35,38,41,0,0,https://lottery.hk/en/mark-six/results/2011-11-24
26/11/2011,2011,4,22,33,39,42,47,0,0,https://lottery.hk/en/mark-six/results/2011-11-26
29/11/2011,2011,3,6,13,37,40,42,0,0,https://lottery.hk/en/mark-six/results/2011-11-29
1/12/2011,2011,1,3,8,22,28,33,"15,576,820",3,https://lottery.hk/en/mark-six/results/2011-12-01
3/12/2011,2011,2,3,9,18,23,37,0,0,https://lottery.hk/en/mark-six/results/2011-12-03
6/12/2011,2011,1,2,5,6,11,43,0,0,https://lottery.hk/en/mark-six/results/2011-12-06
8/12/2011,2011,5,20,22,28,36,48,"17,653,350",0.5,https://lottery.hk/en/mark-six/results/2011-12-08
10/12/2011,2011,3,14,21,25,27,42,0,0,https://lottery.hk/en/mark-six/results/2011-12-10
13/12/2011,2011,3,25,32,36,38,40,0,0,https://lottery.hk/en/mark-six/results/2011-12-13
15/12/2011,2011,9,21,29,34,43,47,0,0,https://lottery.hk/en/mark-six/results/2011-12-15
18/12/2011,2011,1,2,23,35,38,46,"35,865,290",1,https://lottery.hk/en/mark-six/results/2011-12-18
20/12/2011,2011,26,29,31,37,43,49,"54,829,860",1,https://lottery.hk/en/mark-six/results/2011-12-20
22/12/2011,2011,5,16,18,28,37,49,0,0,https://lottery.hk/en/mark-six/results/2011-12-22
24/12/2011,2011,1,4,17,24,27,43,"15,727,140",1,https://lottery.hk/en/mark-six/results/2011-12-24
26/12/2011,2011,8,30,31,37,38,48,0,0,https://lottery.hk/en/mark-six/results/2011-12-26
29/12/2011,2011,7,10,21,23,29,39,0,0,https://lottery.hk/en/mark-six/results/2011-12-29
31/12/2011,2011,2,3,27,40,44,49,"18,767,030",0.5,https://lottery.hk/en/mark-six/results/2011-12-31
3/1/2012,2012,5,12,31,34,37,45,0,0,https://lottery.hk/en/mark-six/results/2012-01-03
5/1/2012,2012,9,11,33,43,46,48,0,0,https://lottery.hk/en/mark-six/results/2012-01-05
7/1/2012,2012,3,7,10,31,32,35,"26,778,550",1,https://lottery.hk/en/mark-six/results/2012-01-07
10/1/2012,2012,3,20,26,31,32,35,0,0,https://lottery.hk/en/mark-six/results/2012-01-10
12/1/2012,2012,15,27,32,36,44,48,0,0,https://lottery.hk/en/mark-six/results/2012-01-12
14/1/2012,2012,10,13,20,24,29,36,"23,378,770",1,https://lottery.hk/en/mark-six/results/2012-01-14
17/1/2012,2012,16,23,24,35,36,44,0,0,https://lottery.hk/en/mark-six/results/2012-01-17
19/1/2012,2012,1,2,14,18,25,39,0,0,https://lottery.hk/en/mark-six/results/2012-01-19
22/1/2012,2012,10,14,18,20,34,47,0,0,https://lottery.hk/en/mark-six/results/2012-01-22
26/1/2012,2012,3,10,11,17,29,34,0,0,https://lottery.hk/en/mark-six/results/2012-01-26
31/1/2012,2012,22,27,28,29,42,46,"86,112,100",1,https://lottery.hk/en/mark-six/results/2012-01-31
2/2/2012,2012,14,20,21,38,45,46,0,0,https://lottery.hk/en/mark-six/results/2012-02-02
4/2/2012,2012,6,12,16,20,27,38,"15,171,610",1,https://lottery.hk/en/mark-six/results/2012-02-04
7/2/2012,2012,11,16,30,34,41,45,0,0,https://lottery.hk/en/mark-six/results/2012-02-07
9/2/2012,2012,3,12,20,33,34,41,0,0,https://lottery.hk/en/mark-six/results/2012-02-09
12/2/2012,2012,7,9,33,34,39,41,"21,315,060",0.5,https://lottery.hk/en/mark-six/results/2012-02-12
14/2/2012,2012,10,14,21,37,39,49,0,0,https://lottery.hk/en/mark-six/results/2012-02-14
16/2/2012,2012,4,12,18,25,42,44,"24,984,050",1,https://lottery.hk/en/mark-six/results/2012-02-16
18/2/2012,2012,5,12,16,17,41,46,0,0,https://lottery.hk/en/mark-six/results/2012-02-18
21/2/2012,2012,1,11,12,15,35,49,0,0,https://lottery.hk/en/mark-six/results/2012-02-21
23/2/2012,2012,1,5,15,22,43,47,0,0,https://lottery.hk/en/mark-six/results/2012-02-23
25/2/2012,2012,12,14,24,26,27,49,0,0,https://lottery.hk/en/mark-six/results/2012-02-25
28/2/2012,2012,8,9,24,28,37,49,0,0,https://lottery.hk/en/mark-six/results/2012-02-28
1/3/2012,2012,25,30,31,34,40,47,0,0,https://lottery.hk/en/mark-six/results/2012-03-01
3/3/2012,2012,1,3,4,8,21,28,"24,382,980",2.5,https://lottery.hk/en/mark-six/results/2012-03-03
6/3/2012,2012,3,7,28,31,33,36,"5,333,330",1.5,https://lottery.hk/en/mark-six/results/2012-03-06
8/3/2012,2012,3,5,9,17,35,36,"8,000,000",0.5,https://lottery.hk/en/mark-six/results/2012-03-08
11/3/2012,2012,10,23,33,39,42,48,"6,523,430",1.5,https://lottery.hk/en/mark-six/results/2012-03-11
13/3/2012,2012,7,8,26,43,47,48,0,0,https://lottery.hk/en/mark-six/results/2012-03-13
15/3/2012,2012,4,28,31,34,48,49,0,0,https://lottery.hk/en/mark-six/results/2012-03-15
17/3/2012,2012,4,6,13,18,23,45,0,0,https://lottery.hk/en/mark-six/results/2012-03-17
20/3/2012,2012,11,13,18,29,44,46,"33,333,200",0.5,https://lottery.hk/en/mark-six/results/2012-03-20
22/3/2012,2012,2,35,38,47,48,49,0,0,https://lottery.hk/en/mark-six/results/2012-03-22
24/3/2012,2012,3,23,32,35,43,49,0,0,https://lottery.hk/en/mark-six/results/2012-03-24
27/3/2012,2012,2,7,17,25,30,43,"38,292,990",1,https://lottery.hk/en/mark-six/results/2012-03-27
29/3/2012,2012,10,16,21,28,29,31,0,0,https://lottery.hk/en/mark-six/results/2012-03-29
31/3/2012,2012,11,19,30,33,37,44,0,0,https://lottery.hk/en/mark-six/results/2012-03-31
3/4/2012,2012,20,21,28,44,46,47,"49,104,610",0.5,https://lottery.hk/en/mark-six/results/2012-04-03
5/4/2012,2012,13,15,17,18,41,45,"31,456,990",1,https://lottery.hk/en/mark-six/results/2012-04-05
7/4/2012,2012,3,14,22,24,34,49,0,0,https://lottery.hk/en/mark-six/results/2012-04-07
10/4/2012,2012,4,11,16,26,42,47,0,0,https://lottery.hk/en/mark-six/results/2012-04-10
12/4/2012,2012,2,11,16,17,25,28,0,0,https://lottery.hk/en/mark-six/results/2012-04-12
14/4/2012,2012,3,15,19,20,32,40,0,0,https://lottery.hk/en/mark-six/results/2012-04-14
17/4/2012,2012,6,7,17,19,35,46,0,0,https://lottery.hk/en/mark-six/results/2012-04-17
19/4/2012,2012,5,12,13,20,37,41,0,0,https://lottery.hk/en/mark-six/results/2012-04-19
22/4/2012,2012,1,3,11,21,41,42,"35,477,960",1.5,https://lottery.hk/en/mark-six/results/2012-04-22
24/4/2012,2012,1,17,28,29,31,34,0,0,https://lottery.hk/en/mark-six/results/2012-04-24
26/4/2012,2012,7,10,11,17,22,30,0,0,https://lottery.hk/en/mark-six/results/2012-04-26
28/4/2012,2012,11,17,19,20,29,32,0,0,https://lottery.hk/en/mark-six/results/2012-04-28
1/5/2012,2012,5,17,19,26,32,33,0,0,https://lottery.hk/en/mark-six/results/2012-05-01
3/5/2012,2012,2,20,28,46,47,49,"33,911,460",1,https://lottery.hk/en/mark-six/results/2012-05-03
5/5/2012,2012,4,11,17,29,39,49,0,0,https://lottery.hk/en/mark-six/results/2012-05-05
8/5/2012,2012,4,9,10,17,33,34,0,0,https://lottery.hk/en/mark-six/results/2012-05-08
10/5/2012,2012,13,17,23,32,34,46,0,0,https://lottery.hk/en/mark-six/results/2012-05-10
13/5/2012,2012,16,21,30,34,39,45,0,0,https://lottery.hk/en/mark-six/results/2012-05-13
15/5/2012,2012,5,14,16,22,23,33,0,0,https://lottery.hk/en/mark-six/results/2012-05-15
17/5/2012,2012,1,10,15,21,27,37,"29,868,930",1.5,https://lottery.hk/en/mark-six/results/2012-05-17
20/5/2012,2012,3,17,23,26,41,47,0,0,https://lottery.hk/en/mark-six/results/2012-05-20
22/5/2012,2012,1,8,22,26,32,37,0,0,https://lottery.hk/en/mark-six/results/2012-05-22
24/5/2012,2012,2,5,8,29,40,47,"20,869,430",1,https://lottery.hk/en/mark-six/results/2012-05-24
26/5/2012,2012,9,10,20,22,38,49,"8,000,000",1,https://lottery.hk/en/mark-six/results/2012-05-26
29/5/2012,2012,8,18,20,22,31,37,"8,000,000",0.5,https://lottery.hk/en/mark-six/results/2012-05-29
31/5/2012,2012,4,9,24,31,39,47,0,0,https://lottery.hk/en/mark-six/results/2012-05-31
2/6/2012,2012,9,14,19,20,43,47,0,0,https://lottery.hk/en/mark-six/results/2012-06-02
5/6/2012,2012,10,21,26,34,35,43,0,0,https://lottery.hk/en/mark-six/results/2012-06-05
7/6/2012,2012,4,17,20,29,39,48,0,0,https://lottery.hk/en/mark-six/results/2012-06-07
10/6/2012,2012,8,15,18,37,39,44,0,0,https://lottery.hk/en/mark-six/results/2012-06-10
12/6/2012,2012,7,14,16,25,30,36,0,0,https://lottery.hk/en/mark-six/results/2012-06-12
16/6/2012,2012,2,4,6,7,13,29,"17,147,740",4,https://lottery.hk/en/mark-six/results/2012-06-16
19/6/2012,2012,10,13,26,40,42,48,0,0,https://lottery.hk/en/mark-six/results/2012-06-19
21/6/2012,2012,2,5,8,13,17,35,"28,364,760",1.5,https://lottery.hk/en/mark-six/results/2012-06-21
23/6/2012,2012,9,14,17,34,40,48,0,0,https://lottery.hk/en/mark-six/results/2012-06-23
26/6/2012,2012,6,19,26,28,37,49,"14,392,890",1,https://lottery.hk/en/mark-six/results/2012-06-26
28/6/2012,2012,3,6,14,19,27,36,"5,333,330",1.5,https://lottery.hk/en/mark-six/results/2012-06-28
30/6/2012,2012,10,13,28,32,37,41,0,0,https://lottery.hk/en/mark-six/results/2012-06-30
3/7/2012,2012,6,10,12,14,31,38,0,0,https://lottery.hk/en/mark-six/results/2012-07-03
5/7/2012,2012,2,3,11,24,26,27,0,0,https://lottery.hk/en/mark-six/results/2012-07-05
7/7/2012,2012,1,4,5,22,44,46,0,0,https://lottery.hk/en/mark-six/results/2012-07-07
10/7/2012,2012,4,7,13,28,36,49,"32,054,460",1,https://lottery.hk/en/mark-six/results/2012-07-10
12/7/2012,2012,2,13,33,39,40,44,0,0,https://lottery.hk/en/mark-six/results/2012-07-12
14/7/2012,2012,2,6,16,24,41,46,0,0,https://lottery.hk/en/mark-six/results/2012-07-14
17/7/2012,2012,8,11,17,24,30,49,0,0,https://lottery.hk/en/mark-six/results/2012-07-17
19/7/2012,2012,9,20,30,34,35,46,0,0,https://lottery.hk/en/mark-six/results/2012-07-19
21/7/2012,2012,7,19,23,30,34,45,"34,938,270",1,https://lottery.hk/en/mark-six/results/2012-07-21
24/7/2012,2012,10,11,15,22,23,45,0,0,https://lottery.hk/en/mark-six/results/2012-07-24
26/7/2012,2012,9,11,13,22,24,44,0,0,https://lottery.hk/en/mark-six/results/2012-07-26
28/7/2012,2012,18,25,38,40,44,45,0,0,https://lottery.hk/en/mark-six/results/2012-07-28
31/7/2012,2012,2,10,16,23,35,47,"17,154,580",3,https://lottery.hk/en/mark-six/results/2012-07-31
2/8/2012,2012,9,11,12,22,28,49,0,0,https://lottery.hk/en/mark-six/results/2012-08-02
4/8/2012,2012,8,15,20,41,42,49,"13,465,570",1,https://lottery.hk/en/mark-six/results/2012-08-04
7/8/2012,2012,2,9,13,40,44,46,"8,000,000",1,https://lottery.hk/en/mark-six/results/2012-08-07
9/8/2012,2012,10,13,20,22,42,46,0,0,https://lottery.hk/en/mark-six/results/2012-08-09
11/8/2012,2012,5,11,12,31,41,42,"12,432,540",1,https://lottery.hk/en/mark-six/results/2012-08-11
14/8/2012,2012,2,13,16,34,37,47,0,0,https://lottery.hk/en/mark-six/results/2012-08-14
16/8/2012,2012,5,6,13,19,23,34,0,0,https://lottery.hk/en/mark-six/results/2012-08-16
18/8/2012,2012,7,10,22,32,34,48,0,0,https://lottery.hk/en/mark-six/results/2012-08-18
21/8/2012,2012,1,7,12,17,36,38,0,0,https://lottery.hk/en/mark-six/results/2012-08-21
23/8/2012,2012,13,15,25,28,45,47,"17,176,790",2,https://lottery.hk/en/mark-six/results/2012-08-23
25/8/2012,2012,3,7,21,22,38,47,0,0,https://lottery.hk/en/mark-six/results/2012-08-25
28/8/2012,2012,7,17,24,29,47,49,"13,257,260",1,https://lottery.hk/en/mark-six/results/2012-08-28
30/8/2012,2012,7,11,15,21,26,34,0,0,https://lottery.hk/en/mark-six/results/2012-08-30
1/9/2012,2012,9,12,15,19,21,47,0,0,https://lottery.hk/en/mark-six/results/2012-09-01
4/9/2012,2012,20,24,34,36,43,45,0,0,https://lottery.hk/en/mark-six/results/2012-09-04
6/9/2012,2012,6,13,33,38,41,43,0,0,https://lottery.hk/en/mark-six/results/2012-09-06
9/9/2012,2012,4,7,12,15,27,34,0,0,https://lottery.hk/en/mark-six/results/2012-09-09
11/9/2012,2012,4,11,25,27,39,41,"46,786,070",1,https://lottery.hk/en/mark-six/results/2012-09-11
13/9/2012,2012,16,20,22,31,42,48,0,0,https://lottery.hk/en/mark-six/results/2012-09-13
15/9/2012,2012,6,7,18,21,27,48,0,0,https://lottery.hk/en/mark-six/results/2012-09-15
18/9/2012,2012,15,26,27,38,42,43,0,0,https://lottery.hk/en/mark-six/results/2012-09-18
22/9/2012,2012,2,13,33,35,38,49,"49,591,870",2.5,https://lottery.hk/en/mark-six/results/2012-09-22
25/9/2012,2012,1,4,17,20,28,32,"3,200,000",2.5,https://lottery.hk/en/mark-six/results/2012-09-25
27/9/2012,2012,1,3,10,15,17,40,0,0,https://lottery.hk/en/mark-six/results/2012-09-27
29/9/2012,2012,2,8,16,17,20,26,0,0,https://lottery.hk/en/mark-six/results/2012-09-29
2/10/2012,2012,12,24,25,33,37,44,0,0,https://lottery.hk/en/mark-six/results/2012-10-02
7/10/2012,2012,1,10,12,13,29,47,0,0,https://lottery.hk/en/mark-six/results/2012-10-07
9/10/2012,2012,15,17,21,22,27,36,0,0,https://lottery.hk/en/mark-six/results/2012-10-09
11/10/2012,2012,1,3,11,18,40,46,0,0,https://lottery.hk/en/mark-six/results/2012-10-11
13/10/2012,2012,5,6,11,26,33,41,"57,488,940",0.5,https://lottery.hk/en/mark-six/results/2012-10-13
16/10/2012,2012,9,17,27,35,39,44,0,0,https://lottery.hk/en/mark-six/results/2012-10-16
18/10/2012,2012,4,6,10,14,16,29,0,0,https://lottery.hk/en/mark-six/results/2012-10-18
20/10/2012,2012,4,19,31,34,37,44,0,0,https://lottery.hk/en/mark-six/results/2012-10-20
23/10/2012,2012,11,28,29,41,45,47,"71,084,710",1,https://lottery.hk/en/mark-six/results/2012-10-23
25/10/2012,2012,8,17,23,40,41,43,0,0,https://lottery.hk/en/mark-six/results/2012-10-25
27/10/2012,2012,26,28,30,34,36,39,0,0,https://lottery.hk/en/mark-six/results/2012-10-27
30/10/2012,2012,1,20,28,30,34,40,0,0,https://lottery.hk/en/mark-six/results/2012-10-30
1/11/2012,2012,15,18,24,28,34,42,0,0,https://lottery.hk/en/mark-six/results/2012-11-01
3/11/2012,2012,1,12,33,36,46,48,"65,018,000",1,https://lottery.hk/en/mark-six/results/2012-11-03
6/11/2012,2012,1,6,8,28,37,39,0,0,https://lottery.hk/en/mark-six/results/2012-11-06
8/11/2012,2012,15,26,31,37,44,47,0,0,https://lottery.hk/en/mark-six/results/2012-11-08
11/11/2012,2012,9,26,28,35,45,47,"22,664,860",1,https://lottery.hk/en/mark-six/results/2012-11-11
13/11/2012,2012,3,5,25,26,29,30,0,0,https://lottery.hk/en/mark-six/results/2012-11-13
15/11/2012,2012,18,20,36,41,46,48,"14,238,080",1,https://lottery.hk/en/mark-six/results/2012-11-15
17/11/2012,2012,7,12,24,39,43,48,"8,000,000",0.5,https://lottery.hk/en/mark-six/results/2012-11-17
20/11/2012,2012,2,11,20,37,45,47,0,0,https://lottery.hk/en/mark-six/results/2012-11-20
22/11/2012,2012,9,22,26,30,44,49,0,0,https://lottery.hk/en/mark-six/results/2012-11-22
24/11/2012,2012,2,3,4,15,23,40,0,0,https://lottery.hk/en/mark-six/results/2012-11-24
27/11/2012,2012,8,20,21,24,34,47,0,0,https://lottery.hk/en/mark-six/results/2012-11-27
29/11/2012,2012,13,17,26,28,32,34,0,0,https://lottery.hk/en/mark-six/results/2012-11-29
1/12/2012,2012,10,16,17,27,36,38,0,0,https://lottery.hk/en/mark-six/results/2012-12-01
4/12/2012,2012,7,10,11,18,37,47,0,0,https://lottery.hk/en/mark-six/results/2012-12-04
6/12/2012,2012,1,6,38,41,43,45,"64,521,730",1,https://lottery.hk/en/mark-six/results/2012-12-06
8/12/2012,2012,15,22,30,33,34,47,0,0,https://lottery.hk/en/mark-six/results/2012-12-08
11/12/2012,2012,2,15,28,41,42,49,0,0,https://lottery.hk/en/mark-six/results/2012-12-11
13/12/2012,2012,6,9,29,31,42,47,0,0,https://lottery.hk/en/mark-six/results/2012-12-13
15/12/2012,2012,18,21,28,33,41,47,0,0,https://lottery.hk/en/mark-six/results/2012-12-15
18/12/2012,2012,8,14,21,41,45,48,"42,704,240",1,https://lottery.hk/en/mark-six/results/2012-12-18
20/12/2012,2012,4,12,25,34,36,40,0,0,https://lottery.hk/en/mark-six/results/2012-12-20
23/12/2012,2012,9,27,28,32,34,43,0,0,https://lottery.hk/en/mark-six/results/2012-12-23
25/12/2012,2012,12,18,23,24,46,49,0,0,https://lottery.hk/en/mark-six/results/2012-12-25
27/12/2012,2012,4,7,29,39,44,47,0,0,https://lottery.hk/en/mark-six/results/2012-12-27
29/12/2012,2012,1,6,9,11,33,39,0,0,https://lottery.hk/en/mark-six/results/2012-12-29
31/12/2012,2012,5,6,25,30,32,48,0,0,https://lottery.hk/en/mark-six/results/2012-12-31
3/1/2013,2013,17,25,32,33,46,48,0,0,https://lottery.hk/en/mark-six/results/2013-01-03
8/1/2013,2013,14,19,20,21,29,49,"41,343,400",2,https://lottery.hk/en/mark-six/results/2013-01-08
10/1/2013,2013,2,9,24,34,41,45,0,0,https://lottery.hk/en/mark-six/results/2013-01-10
13/1/2013,2013,3,6,19,21,31,49,0,0,https://lottery.hk/en/mark-six/results/2013-01-13
15/1/2013,2013,3,4,7,24,27,31,"20,079,730",1,https://lottery.hk/en/mark-six/results/2013-01-15
17/1/2013,2013,2,8,14,25,43,44,0,0,https://lottery.hk/en/mark-six/results/2013-01-17
19/1/2013,2013,3,12,19,21,31,48,0,0,https://lottery.hk/en/mark-six/results/2013-01-19
22/1/2013,2013,2,4,20,22,30,37,0,0,https://lottery.hk/en/mark-six/results/2013-01-22
24/1/2013,2013,1,2,3,9,20,49,"16,480,650",1.5,https://lottery.hk/en/mark-six/results/2013-01-24
26/1/2013,2013,2,29,41,42,45,48,"8,000,000",1,https://lottery.hk/en/mark-six/results/2013-01-26
29/1/2013,2013,8,20,26,36,44,47,0,0,https://lottery.hk/en/mark-six/results/2013-01-29
31/1/2013,2013,16,22,27,35,38,46,"12,240,970",1,https://lottery.hk/en/mark-six/results/2013-01-31
3/2/2013,2013,2,17,23,39,47,48,0,0,https://lottery.hk/en/mark-six/results/2013-02-03
5/2/2013,2013,5,19,31,32,34,45,"15,690,440",0.5,https://lottery.hk/en/mark-six/results/2013-02-05
7/2/2013,2013,3,8,12,18,22,33,"10,304,580",1,https://lottery.hk/en/mark-six/results/2013-02-07
9/2/2013,2013,4,8,10,35,46,47,0,0,https://lottery.hk/en/mark-six/results/2013-02-09
14/2/2013,2013,11,16,24,27,36,48,"28,442,570",2,https://lottery.hk/en/mark-six/results/2013-02-14
16/2/2013,2013,3,12,30,35,37,38,0,0,https://lottery.hk/en/mark-six/results/2013-02-16
19/2/2013,2013,5,18,19,32,40,44,"15,530,600",1,https://lottery.hk/en/mark-six/results/2013-02-19
21/2/2013,2013,11,14,21,22,32,49,"8,000,000",1,https://lottery.hk/en/mark-six/results/2013-02-21
23/2/2013,2013,12,19,23,30,35,36,0,0,https://lottery.hk/en/mark-six/results/2013-02-23
26/2/2013,2013,1,4,15,16,18,36,0,0,https://lottery.hk/en/mark-six/results/2013-02-26
28/2/2013,2013,10,11,23,26,28,30,0,0,https://lottery.hk/en/mark-six/results/2013-02-28
3/3/2013,2013,7,8,26,31,35,39,0,0,https://lottery.hk/en/mark-six/results/2013-03-03
5/3/2013,2013,4,6,8,35,36,43,0,0,https://lottery.hk/en/mark-six/results/2013-03-05
7/3/2013,2013,8,9,24,35,39,41,"31,493,020",1.5,https://lottery.hk/en/mark-six/results/2013-03-07
9/3/2013,2013,9,18,24,34,40,43,0,0,https://lottery.hk/en/mark-six/results/2013-03-09
12/3/2013,2013,13,15,17,30,38,45,0,0,https://lottery.hk/en/mark-six/results/2013-03-12
14/3/2013,2013,3,4,15,16,17,46,"20,191,810",1,https://lottery.hk/en/mark-six/results/2013-03-14
16/3/2013,2013,6,9,31,41,45,47,0,0,https://lottery.hk/en/mark-six/results/2013-03-16
19/3/2013,2013,3,12,15,28,29,34,0,0,https://lottery.hk/en/mark-six/results/2013-03-19
21/3/2013,2013,1,4,13,22,39,42,0,0,https://lottery.hk/en/mark-six/results/2013-03-21
23/3/2013,2013,6,9,17,25,33,42,0,0,https://lottery.hk/en/mark-six/results/2013-03-23
26/3/2013,2013,10,15,26,35,40,44,"42,154,010",1,https://lottery.hk/en/mark-six/results/2013-03-26
28/3/2013,2013,12,17,31,38,44,45,0,0,https://lottery.hk/en/mark-six/results/2013-03-28
30/3/2013,2013,4,6,19,25,34,43,0,0,https://lottery.hk/en/mark-six/results/2013-03-30
2/4/2013,2013,2,4,9,31,33,46,"18,096,050",1,https://lottery.hk/en/mark-six/results/2013-04-02
4/4/2013,2013,2,7,11,15,17,27,"8,000,000",0.5,https://lottery.hk/en/mark-six/results/2013-04-04
6/4/2013,2013,10,12,16,29,41,48,0,0,https://lottery.hk/en/mark-six/results/2013-04-06
9/4/2013,2013,2,3,25,28,35,43,0,0,https://lottery.hk/en/mark-six/results/2013-04-09
11/4/2013,2013,11,18,20,24,29,49,"20,736,740",0.5,https://lottery.hk/en/mark-six/results/2013-04-11
13/4/2013,2013,8,16,29,40,46,47,0,0,https://lottery.hk/en/mark-six/results/2013-04-13
16/4/2013,2013,11,15,21,27,38,43,"25,440,160",0.5,https://lottery.hk/en/mark-six/results/2013-04-16
18/4/2013,2013,4,5,14,17,22,39,"8,377,850",2,https://lottery.hk/en/mark-six/results/2013-04-18
21/4/2013,2013,9,10,15,33,40,49,0,0,https://lottery.hk/en/mark-six/results/2013-04-21
23/4/2013,2013,7,20,23,29,35,41,0,0,https://lottery.hk/en/mark-six/results/2013-04-23
25/4/2013,2013,14,15,17,22,38,48,0,0,https://lottery.hk/en/mark-six/results/2013-04-25
27/4/2013,2013,4,7,16,23,26,28,0,0,https://lottery.hk/en/mark-six/results/2013-04-27
30/4/2013,2013,4,18,24,30,31,49,"33,953,210",0.5,https://lottery.hk/en/mark-six/results/2013-04-30
2/5/2013,2013,1,5,28,31,44,46,0,0,https://lottery.hk/en/mark-six/results/2013-05-02
4/5/2013,2013,1,10,29,40,44,49,0,0,https://lottery.hk/en/mark-six/results/2013-05-04
7/5/2013,2013,5,9,14,24,29,37,0,0,https://lottery.hk/en/mark-six/results/2013-05-07
9/5/2013,2013,12,14,15,16,22,34,"55,390,220",1,https://lottery.hk/en/mark-six/results/2013-05-09
12/5/2013,2013,1,6,11,16,20,25,0,0,https://lottery.hk/en/mark-six/results/2013-05-12
14/5/2013,2013,2,11,16,19,44,47,0,0,https://lottery.hk/en/mark-six/results/2013-05-14
16/5/2013,2013,7,18,27,32,42,48,"18,419,630",1,https://lottery.hk/en/mark-six/results/2013-05-16
19/5/2013,2013,4,14,24,30,43,48,0,0,https://lottery.hk/en/mark-six/results/2013-05-19
21/5/2013,2013,11,12,16,18,23,31,0,0,https://lottery.hk/en/mark-six/results/2013-05-21
23/5/2013,2013,12,24,27,45,47,49,0,0,https://lottery.hk/en/mark-six/results/2013-05-23
25/5/2013,2013,3,8,10,25,26,40,"25,067,670",1,https://lottery.hk/en/mark-six/results/2013-05-25
28/5/2013,2013,1,4,5,6,9,25,"1,066,660",7.5,https://lottery.hk/en/mark-six/results/2013-05-28
30/5/2013,2013,15,17,22,27,36,46,"8,000,000",1,https://lottery.hk/en/mark-six/results/2013-05-30
1/6/2013,2013,1,23,27,36,45,49,0,0,https://lottery.hk/en/mark-six/results/2013-06-01
4/6/2013,2013,9,17,26,36,40,48,0,0,https://lottery.hk/en/mark-six/results/2013-06-04
6/6/2013,2013,10,16,20,28,32,48,"20,831,590",1,https://lottery.hk/en/mark-six/results/2013-06-06
9/6/2013,2013,15,18,22,24,42,44,0,0,https://lottery.hk/en/mark-six/results/2013-06-09
11/6/2013,2013,1,14,21,35,39,40,"74,826,070",0.5,https://lottery.hk/en/mark-six/results/2013-06-11
13/6/2013,2013,3,11,26,32,35,43,0,0,https://lottery.hk/en/mark-six/results/2013-06-13
15/6/2013,2013,9,14,27,29,42,45,"58,303,910",1,https://lottery.hk/en/mark-six/results/2013-06-15
18/6/2013,2013,9,22,23,31,45,47,"8,000,000",1,https://lottery.hk/en/mark-six/results/2013-06-18
20/6/2013,2013,11,14,16,29,31,46,"8,000,000",1,https://lottery.hk/en/mark-six/results/2013-06-20
22/6/2013,2013,23,25,34,40,42,46,0,0,https://lottery.hk/en/mark-six/results/2013-06-22
25/6/2013,2013,17,20,29,35,38,40,0,0,https://lottery.hk/en/mark-six/results/2013-06-25
27/6/2013,2013,16,34,37,42,47,48,0,0,https://lottery.hk/en/mark-six/results/2013-06-27
29/6/2013,2013,1,3,4,26,34,37,0,0,https://lottery.hk/en/mark-six/results/2013-06-29
2/7/2013,2013,7,19,28,33,43,45,0,0,https://lottery.hk/en/mark-six/results/2013-07-02
6/7/2013,2013,6,9,27,29,43,47,0,0,https://lottery.hk/en/mark-six/results/2013-07-06
9/7/2013,2013,1,4,15,38,40,46,0,0,https://lottery.hk/en/mark-six/results/2013-07-09
11/7/2013,2013,14,26,28,38,39,45,"70,221,750",0.5,https://lottery.hk/en/mark-six/results/2013-07-11
13/7/2013,2013,7,14,18,23,32,46,"44,225,450",1,https://lottery.hk/en/mark-six/results/2013-07-13
16/7/2013,2013,3,18,19,20,37,47,0,0,https://lottery.hk/en/mark-six/results/2013-07-16
18/7/2013,2013,14,18,28,32,36,46,0,0,https://lottery.hk/en/mark-six/results/2013-07-18
21/7/2013,2013,3,17,20,26,33,47,"40,791,000",2,https://lottery.hk/en/mark-six/results/2013-07-21
23/7/2013,2013,6,8,17,22,28,32,"8,000,000",1,https://lottery.hk/en/mark-six/results/2013-07-23
25/7/2013,2013,20,23,27,32,34,49,"8,000,000",1,https://lottery.hk/en/mark-six/results/2013-07-25
27/7/2013,2013,1,3,7,22,28,36,"8,000,000",0.5,https://lottery.hk/en/mark-six/results/2013-07-27
30/7/2013,2013,8,12,31,33,42,44,0,0,https://lottery.hk/en/mark-six/results/2013-07-30
1/8/2013,2013,6,8,10,19,20,22,"14,273,380",0.5,https://lottery.hk/en/mark-six/results/2013-08-01
3/8/2013,2013,5,6,12,23,38,39,"12,093,300",1,https://lottery.hk/en/mark-six/results/2013-08-03
6/8/2013,2013,4,11,15,19,32,44,0,0,https://lottery.hk/en/mark-six/results/2013-08-06
8/8/2013,2013,13,15,23,25,26,29,0,0,https://lottery.hk/en/mark-six/results/2013-08-08
10/8/2013,2013,3,10,20,30,41,44,0,0,https://lottery.hk/en/mark-six/results/2013-08-10
13/8/2013,2013,1,6,31,41,42,49,0,0,https://lottery.hk/en/mark-six/results/2013-08-13
15/8/2013,2013,10,16,22,26,31,42,0,0,https://lottery.hk/en/mark-six/results/2013-08-15
17/8/2013,2013,9,14,30,31,32,49,0,0,https://lottery.hk/en/mark-six/results/2013-08-17
20/8/2013,2013,13,14,15,31,46,48,0,0,https://lottery.hk/en/mark-six/results/2013-08-20
22/8/2013,2013,1,16,25,33,41,49,"34,624,400",2,https://lottery.hk/en/mark-six/results/2013-08-22
24/8/2013,2013,3,6,10,14,15,20,"4,000,000",2,https://lottery.hk/en/mark-six/results/2013-08-24
27/8/2013,2013,9,14,29,30,32,36,0,0,https://lottery.hk/en/mark-six/results/2013-08-27
29/8/2013,2013,24,25,28,35,38,47,0,0,https://lottery.hk/en/mark-six/results/2013-08-29
31/8/2013,2013,3,6,17,18,42,43,0,0,https://lottery.hk/en/mark-six/results/2013-08-31
3/9/2013,2013,21,25,26,33,35,39,"26,604,050",1,https://lottery.hk/en/mark-six/results/2013-09-03
5/9/2013,2013,1,7,22,28,29,49,0,0,https://lottery.hk/en/mark-six/results/2013-09-05
7/9/2013,2013,7,10,17,18,28,30,0,0,https://lottery.hk/en/mark-six/results/2013-09-07
10/9/2013,2013,8,12,19,39,48,49,0,0,https://lottery.hk/en/mark-six/results/2013-09-10
12/9/2013,2013,1,14,26,28,31,48,"23,254,270",1,https://lottery.hk/en/mark-six/results/2013-09-12
14/9/2013,2013,6,21,29,39,40,47,0,0,https://lottery.hk/en/mark-six/results/2013-09-14
16/9/2013,2013,17,22,31,39,45,47,"12,902,140",1,https://lottery.hk/en/mark-six/results/2013-09-16
19/9/2013,2013,3,15,18,26,45,49,"83,968,130",0.5,https://lottery.hk/en/mark-six/results/2013-09-19
21/9/2013,2013,22,25,35,36,39,47,0,0,https://lottery.hk/en/mark-six/results/2013-09-21
24/9/2013,2013,13,25,26,29,30,39,0,0,https://lottery.hk/en/mark-six/results/2013-09-24
26/9/2013,2013,3,6,7,9,11,28,"16,641,090",4,https://lottery.hk/en/mark-six/results/2013-09-26
28/9/2013,2013,33,39,40,43,48,49,"8,000,000",0.5,https://lottery.hk/en/mark-six/results/2013-09-28
30/9/2013,2013,1,11,29,40,43,44,0,0,https://lottery.hk/en/mark-six/results/2013-09-30
3/10/2013,2013,14,17,26,32,35,41,"17,453,470",0.5,https://lottery.hk/en/mark-six/results/2013-10-03
5/10/2013,2013,4,6,9,29,31,36,0,0,https://lottery.hk/en/mark-six/results/2013-10-05
8/10/2013,2013,1,3,6,7,15,27,"5,191,970",3.5,https://lottery.hk/en/mark-six/results/2013-10-08
10/10/2013,2013,8,9,11,16,17,38,0,0,https://lottery.hk/en/mark-six/results/2013-10-10
13/10/2013,2013,24,28,35,37,42,48,0,0,https://lottery.hk/en/mark-six/results/2013-10-13
15/10/2013,2013,4,20,27,33,41,46,"21,702,120",0.5,https://lottery.hk/en/mark-six/results/2013-10-15
17/10/2013,2013,1,11,24,35,44,45,"16,689,830",0.5,https://lottery.hk/en/mark-six/results/2013-10-17
19/10/2013,2013,1,10,31,41,44,47,0,0,https://lottery.hk/en/mark-six/results/2013-10-19
22/10/2013,2013,5,9,34,36,41,49,0,0,https://lottery.hk/en/mark-six/results/2013-10-22
24/10/2013,2013,9,10,22,24,43,44,"27,369,500",1,https://lottery.hk/en/mark-six/results/2013-10-24
26/10/2013,2013,6,15,30,38,47,48,0,0,https://lottery.hk/en/mark-six/results/2013-10-26
29/10/2013,2013,1,20,22,25,34,47,0,0,https://lottery.hk/en/mark-six/results/2013-10-29
31/10/2013,2013,2,9,29,43,46,47,0,0,https://lottery.hk/en/mark-six/results/2013-10-31
2/11/2013,2013,8,18,19,29,31,34,"32,290,420",0.5,https://lottery.hk/en/mark-six/results/2013-11-02
5/11/2013,2013,4,22,25,37,38,42,0,0,https://lottery.hk/en/mark-six/results/2013-11-05
7/11/2013,2013,4,9,14,26,30,42,0,0,https://lottery.hk/en/mark-six/results/2013-11-07
10/11/2013,2013,13,31,32,35,39,42,0,0,https://lottery.hk/en/mark-six/results/2013-11-10
12/11/2013,2013,18,19,21,28,47,49,"47,714,340",1,https://lottery.hk/en/mark-six/results/2013-11-12
14/11/2013,2013,3,8,10,25,29,34,0,0,https://lottery.hk/en/mark-six/results/2013-11-14
16/11/2013,2013,1,8,17,32,39,43,0,0,https://lottery.hk/en/mark-six/results/2013-11-16
19/11/2013,2013,12,27,35,44,47,49,"23,676,630",0.5,https://lottery.hk/en/mark-six/results/2013-11-19
21/11/2013,2013,3,6,8,23,25,49,"15,953,760",0.5,https://lottery.hk/en/mark-six/results/2013-11-21
23/11/2013,2013,3,18,20,21,30,41,0,0,https://lottery.hk/en/mark-six/results/2013-11-23
26/11/2013,2013,9,10,12,31,34,44,0,0,https://lottery.hk/en/mark-six/results/2013-11-26
28/11/2013,2013,3,6,21,33,34,43,0,0,https://lottery.hk/en/mark-six/results/2013-11-28
30/11/2013,2013,2,15,19,34,42,45,0,0,https://lottery.hk/en/mark-six/results/2013-11-30
3/12/2013,2013,1,17,24,29,39,40,0,0,https://lottery.hk/en/mark-six/results/2013-12-03
5/12/2013,2013,1,16,17,19,26,46,0,0,https://lottery.hk/en/mark-six/results/2013-12-05
7/12/2013,2013,5,18,24,26,41,44,0,0,https://lottery.hk/en/mark-six/results/2013-12-07
10/12/2013,2013,1,8,17,30,36,46,"90,951,590",1,https://lottery.hk/en/mark-six/results/2013-12-10
12/12/2013,2013,10,19,24,28,31,34,0,0,https://lottery.hk/en/mark-six/results/2013-12-12
14/12/2013,2013,6,14,15,38,46,49,0,0,https://lottery.hk/en/mark-six/results/2013-12-14
17/12/2013,2013,1,8,15,19,20,33,0,0,https://lottery.hk/en/mark-six/results/2013-12-17
19/12/2013,2013,4,14,31,39,43,47,0,0,https://lottery.hk/en/mark-six/results/2013-12-19
22/12/2013,2013,12,13,18,41,43,49,"16,513,930",2.5,https://lottery.hk/en/mark-six/results/2013-12-22
25/12/2013,2013,4,21,25,45,47,49,0,0,https://lottery.hk/en/mark-six/results/2013-12-25
28/12/2013,2013,4,9,20,32,42,43,0,0,https://lottery.hk/en/mark-six/results/2013-12-28
31/12/2013,2013,7,9,12,40,42,44,0,0,https://lottery.hk/en/mark-six/results/2013-12-31
2/1/2014,2014,1,36,38,43,46,49,"51,516,650",1,https://lottery.hk/en/mark-six/results/2014-01-02
4/1/2014,2014,6,16,31,32,44,49,0,0,https://lottery.hk/en/mark-six/results/2014-01-04
7/1/2014,2014,9,16,30,31,38,41,0,0,https://lottery.hk/en/mark-six/results/2014-01-07
9/1/2014,2014,4,15,16,28,39,45,0,0,https://lottery.hk/en/mark-six/results/2014-01-09
12/1/2014,2014,3,16,36,39,42,44,"34,819,980",1,https://lottery.hk/en/mark-six/results/2014-01-12
14/1/2014,2014,9,11,27,31,33,34,0,0,https://lottery.hk/en/mark-six/results/2014-01-14
16/1/2014,2014,9,15,16,17,18,37,0,0,https://lottery.hk/en/mark-six/results/2014-01-16
18/1/2014,2014,3,17,18,26,28,44,"20,291,470",1,https://lottery.hk/en/mark-six/results/2014-01-18
21/1/2014,2014,8,20,23,34,37,49,0,0,https://lottery.hk/en/mark-six/results/2014-01-21
23/1/2014,2014,4,5,18,21,27,31,0,0,https://lottery.hk/en/mark-six/results/2014-01-23
25/1/2014,2014,5,20,37,38,43,48,0,0,https://lottery.hk/en/mark-six/results/2014-01-25
28/1/2014,2014,4,20,27,30,31,37,"30,275,820",0.5,https://lottery.hk/en/mark-six/results/2014-01-28
30/1/2014,2014,2,3,4,16,26,36,"10,656,700",2,https://lottery.hk/en/mark-six/results/2014-01-30
4/2/2014,2014,11,13,15,39,48,49,"48,215,660",0.5,https://lottery.hk/en/mark-six/results/2014-02-04
6/2/2014,2014,26,27,32,33,37,45,"33,434,650",1,https://lottery.hk/en/mark-six/results/2014-02-06
9/2/2014,2014,20,21,35,37,47,48,0,0,https://lottery.hk/en/mark-six/results/2014-02-09
11/2/2014,2014,7,10,24,25,27,29,"11,542,330",0.5,https://lottery.hk/en/mark-six/results/2014-02-11
13/2/2014,2014,19,23,25,40,46,49,0,0,https://lottery.hk/en/mark-six/results/2014-02-13
15/2/2014,2014,2,14,30,32,36,45,"20,075,790",1,https://lottery.hk/en/mark-six/results/2014-02-15
18/2/2014,2014,15,21,23,25,34,45,"8,000,000",1,https://lottery.hk/en/mark-six/results/2014-02-18
20/2/2014,2014,3,5,24,26,31,40,0,0,https://lottery.hk/en/mark-six/results/2014-02-20
22/2/2014,2014,2,23,24,29,33,35,0,0,https://lottery.hk/en/mark-six/results/2014-02-22
25/2/2014,2014,8,26,39,40,41,43,0,0,https://lottery.hk/en/mark-six/results/2014-02-25
27/2/2014,2014,5,9,15,24,28,35,0,0,https://lottery.hk/en/mark-six/results/2014-02-27
2/3/2014,2014,11,16,19,21,38,46,0,0,https://lottery.hk/en/mark-six/results/2014-03-02
4/3/2014,2014,3,13,16,19,27,33,0,0,https://lottery.hk/en/mark-six/results/2014-03-04
6/3/2014,2014,6,10,20,27,39,46,"61,290,980",1,https://lottery.hk/en/mark-six/results/2014-03-06
8/3/2014,2014,2,3,16,17,24,32,0,0,https://lottery.hk/en/mark-six/results/2014-03-08
11/3/2014,2014,4,6,15,28,30,33,0,0,https://lottery.hk/en/mark-six/results/2014-03-11
13/3/2014,2014,7,10,17,19,20,22,0,0,https://lottery.hk/en/mark-six/results/2014-03-13
15/3/2014,2014,2,15,21,24,29,46,"24,895,010",0.5,https://lottery.hk/en/mark-six/results/2014-03-15
18/3/2014,2014,2,17,23,35,42,48,0,0,https://lottery.hk/en/mark-six/results/2014-03-18
20/3/2014,2014,1,9,18,25,37,48,"24,047,840",1,https://lottery.hk/en/mark-six/results/2014-03-20
22/3/2014,2014,11,20,21,26,34,49,0,0,https://lottery.hk/en/mark-six/results/2014-03-22
25/3/2014,2014,22,28,35,36,44,45,0,0,https://lottery.hk/en/mark-six/results/2014-03-25
27/3/2014,2014,7,23,35,42,45,49,0,0,https://lottery.hk/en/mark-six/results/2014-03-27
29/3/2014,2014,2,10,12,18,24,33,0,0,https://lottery.hk/en/mark-six/results/2014-03-29
1/4/2014,2014,22,33,36,43,48,49,0,0,https://lottery.hk/en/mark-six/results/2014-04-01
3/4/2014,2014,4,9,25,26,27,28,"38,843,580",1,https://lottery.hk/en/mark-six/results/2014-04-03
5/4/2014,2014,10,19,38,39,44,45,0,0,https://lottery.hk/en/mark-six/results/2014-04-05
8/4/2014,2014,11,24,31,45,46,47,"15,320,590",0.5,https://lottery.hk/en/mark-six/results/2014-04-08
10/4/2014,2014,4,18,21,31,42,49,"6,996,260",2,https://lottery.hk/en/mark-six/results/2014-04-10
12/4/2014,2014,6,18,20,28,43,45,0,0,https://lottery.hk/en/mark-six/results/2014-04-12
15/4/2014,2014,6,14,16,28,41,45,0,0,https://lottery.hk/en/mark-six/results/2014-04-15
17/4/2014,2014,12,14,17,23,24,45,0,0,https://lottery.hk/en/mark-six/results/2014-04-17
19/4/2014,2014,20,21,32,35,46,47,0,0,https://lottery.hk/en/mark-six/results/2014-04-19
22/4/2014,2014,1,3,12,29,36,41,"39,356,150",1,https://lottery.hk/en/mark-six/results/2014-04-22
24/4/2014,2014,1,17,28,32,39,40,0,0,https://lottery.hk/en/mark-six/results/2014-04-24
26/4/2014,2014,9,12,22,27,36,47,0,0,https://lottery.hk/en/mark-six/results/2014-04-26
29/4/2014,2014,2,8,15,26,37,45,"17,936,070",0.5,https://lottery.hk/en/mark-six/results/2014-04-29
1/5/2014,2014,1,14,28,29,37,43,0,0,https://lottery.hk/en/mark-six/results/2014-05-01
3/5/2014,2014,2,6,13,16,30,36,0,0,https://lottery.hk/en/mark-six/results/2014-05-03
6/5/2014,2014,10,23,33,36,39,44,0,0,https://lottery.hk/en/mark-six/results/2014-05-06
8/5/2014,2014,2,10,12,30,37,39,"34,202,730",0.5,https://lottery.hk/en/mark-six/results/2014-05-08
11/5/2014,2014,11,16,26,38,45,49,0,0,https://lottery.hk/en/mark-six/results/2014-05-11
13/5/2014,2014,9,20,22,32,35,41,"28,382,030",1,https://lottery.hk/en/mark-six/results/2014-05-13
15/5/2014,2014,9,12,16,24,34,35,0,0,https://lottery.hk/en/mark-six/results/2014-05-15
18/5/2014,2014,9,12,21,27,37,45,"6,261,590",2,https://lottery.hk/en/mark-six/results/2014-05-18
20/5/2014,2014,10,16,33,34,44,47,0,0,https://lottery.hk/en/mark-six/results/2014-05-20
22/5/2014,2014,9,17,28,31,35,37,0,0,https://lottery.hk/en/mark-six/results/2014-05-22
24/5/2014,2014,2,4,14,30,39,41,0,0,https://lottery.hk/en/mark-six/results/2014-05-24
27/5/2014,2014,3,10,16,30,34,44,0,0,https://lottery.hk/en/mark-six/results/2014-05-27
29/5/2014,2014,4,14,19,24,26,48,0,0,https://lottery.hk/en/mark-six/results/2014-05-29
31/5/2014,2014,2,10,28,32,37,47,"68,368,640",0.5,https://lottery.hk/en/mark-six/results/2014-05-31
2/6/2014,2014,3,13,19,20,36,39,0,0,https://lottery.hk/en/mark-six/results/2014-06-02
4/6/2014,2014,10,11,25,33,40,46,0,0,https://lottery.hk/en/mark-six/results/2014-06-04
7/6/2014,2014,4,8,13,19,44,48,"65,558,410",0.5,https://lottery.hk/en/mark-six/results/2014-06-07
10/6/2014,2014,1,30,32,35,37,44,0,0,https://lottery.hk/en/mark-six/results/2014-06-10
12/6/2014,2014,3,18,21,41,44,45,0,0,https://lottery.hk/en/mark-six/results/2014-06-12
17/6/2014,2014,3,4,15,16,23,45,"35,820,150",2,https://lottery.hk/en/mark-six/results/2014-06-17
19/6/2014,2014,3,17,24,30,31,44,0,0,https://lottery.hk/en/mark-six/results/2014-06-19
21/6/2014,2014,2,17,37,40,45,49,0,0,https://lottery.hk/en/mark-six/results/2014-06-21
24/6/2014,2014,18,24,25,30,31,35,0,0,https://lottery.hk/en/mark-six/results/2014-06-24
26/6/2014,2014,2,20,40,42,47,48,0,0,https://lottery.hk/en/mark-six/results/2014-06-26
29/6/2014,2014,15,23,26,38,46,47,0,0,https://lottery.hk/en/mark-six/results/2014-06-29
3/7/2014,2014,14,17,34,37,43,48,0,0,https://lottery.hk/en/mark-six/results/2014-07-03
5/7/2014,2014,10,14,32,36,37,38,"59,412,520",1,https://lottery.hk/en/mark-six/results/2014-07-05
8/7/2014,2014,4,16,22,27,38,39,0,0,https://lottery.hk/en/mark-six/results/2014-07-08
10/7/2014,2014,1,2,9,17,22,25,"13,080,600",0.5,https://lottery.hk/en/mark-six/results/2014-07-10
12/7/2014,2014,3,11,13,23,40,49,0,0,https://lottery.hk/en/mark-six/results/2014-07-12
15/7/2014,2014,2,5,9,32,41,42,0,0,https://lottery.hk/en/mark-six/results/2014-07-15
17/7/2014,2014,1,20,28,30,42,43,0,0,https://lottery.hk/en/mark-six/results/2014-07-17
19/7/2014,2014,1,9,30,40,41,48,0,0,https://lottery.hk/en/mark-six/results/2014-07-19
22/7/2014,2014,1,3,14,16,24,41,"50,459,660",0.5,https://lottery.hk/en/mark-six/results/2014-07-22
24/7/2014,2014,4,5,21,31,36,38,"32,928,170",0.5,https://lottery.hk/en/mark-six/results/2014-07-24
26/7/2014,2014,1,4,15,17,36,42,"22,702,840",1,https://lottery.hk/en/mark-six/results/2014-07-26
29/7/2014,2014,11,13,15,31,37,47,"8,000,000",0.5,https://lottery.hk/en/mark-six/results/2014-07-29
31/7/2014,2014,12,22,27,35,44,48,"9,131,660",0.5,https://lottery.hk/en/mark-six/results/2014-07-31
2/8/2014,2014,3,22,23,26,42,48,"9,514,470",1,https://lottery.hk/en/mark-six/results/2014-08-02
5/8/2014,2014,5,7,8,18,24,29,"8,000,000",1,https://lottery.hk/en/mark-six/results/2014-08-05
7/8/2014,2014,5,14,31,32,36,46,0,0,https://lottery.hk/en/mark-six/results/2014-08-07
9/8/2014,2014,1,9,15,31,33,41,0,0,https://lottery.hk/en/mark-six/results/2014-08-09
12/8/2014,2014,7,9,27,31,36,39,0,0,https://lottery.hk/en/mark-six/results/2014-08-12
14/8/2014,2014,4,8,14,23,48,49,"24,484,200",0.5,https://lottery.hk/en/mark-six/results/2014-08-14
16/8/2014,2014,23,26,27,37,42,46,"18,336,530",0.5,https://lottery.hk/en/mark-six/results/2014-08-16
19/8/2014,2014,2,5,27,32,42,46,0,0,https://lottery.hk/en/mark-six/results/2014-08-19
21/8/2014,2014,10,14,26,29,30,31,0,0,https://lottery.hk/en/mark-six/results/2014-08-21
23/8/2014,2014,4,12,14,24,32,38,0,0,https://lottery.hk/en/mark-six/results/2014-08-23
26/8/2014,2014,25,29,32,33,37,44,0,0,https://lottery.hk/en/mark-six/results/2014-08-26
28/8/2014,2014,11,17,24,27,31,38,"38,913,520",0.5,https://lottery.hk/en/mark-six/results/2014-08-28
30/8/2014,2014,15,18,24,27,39,49,"27,144,620",0.5,https://lottery.hk/en/mark-six/results/2014-08-30
2/9/2014,2014,26,28,37,43,45,47,0,0,https://lottery.hk/en/mark-six/results/2014-09-02
4/9/2014,2014,11,14,34,36,43,46,0,0,https://lottery.hk/en/mark-six/results/2014-09-04
9/9/2014,2014,7,25,27,36,39,42,0,0,https://lottery.hk/en/mark-six/results/2014-09-09
13/9/2014,2014,3,12,40,43,48,49,"82,246,250",2,https://lottery.hk/en/mark-six/results/2014-09-13
16/9/2014,2014,4,15,17,22,34,43,0,0,https://lottery.hk/en/mark-six/results/2014-09-16
18/9/2014,2014,6,16,20,25,27,45,0,0,https://lottery.hk/en/mark-six/results/2014-09-18
20/9/2014,2014,3,16,32,38,40,48,0,0,https://lottery.hk/en/mark-six/results/2014-09-20
23/9/2014,2014,12,13,20,28,41,43,0,0,https://lottery.hk/en/mark-six/results/2014-09-23
25/9/2014,2014,3,19,42,44,48,49,0,0,https://lottery.hk/en/mark-six/results/2014-09-25
28/9/2014,2014,6,10,12,26,28,35,"8,279,690",7,https://lottery.hk/en/mark-six/results/2014-09-28
30/9/2014,2014,10,16,20,39,45,46,0,0,https://lottery.hk/en/mark-six/results/2014-09-30
2/10/2014,2014,4,10,24,29,33,35,0,0,https://lottery.hk/en/mark-six/results/2014-10-02
4/10/2014,2014,5,14,22,24,27,45,0,0,https://lottery.hk/en/mark-six/results/2014-10-04
7/10/2014,2014,12,13,26,33,42,49,0,0,https://lottery.hk/en/mark-six/results/2014-10-07
9/10/2014,2014,2,12,14,23,40,46,0,0,https://lottery.hk/en/mark-six/results/2014-10-09
11/10/2014,2014,26,29,34,35,37,47,0,0,https://lottery.hk/en/mark-six/results/2014-10-11
14/10/2014,2014,1,5,8,17,20,37,0,0,https://lottery.hk/en/mark-six/results/2014-10-14
16/10/2014,2014,4,9,34,39,48,49,"63,807,640",0.5,https://lottery.hk/en/mark-six/results/2014-10-16
18/10/2014,2014,12,19,22,36,40,47,0,0,https://lottery.hk/en/mark-six/results/2014-10-18
21/10/2014,2014,6,9,17,18,29,34,"48,771,010",0.5,https://lottery.hk/en/mark-six/results/2014-10-21
23/10/2014,2014,11,14,28,29,37,41,0,0,https://lottery.hk/en/mark-six/results/2014-10-23
25/10/2014,2014,1,13,39,40,41,43,"39,883,260",1,https://lottery.hk/en/mark-six/results/2014-10-25
28/10/2014,2014,16,26,30,37,43,47,"8,000,000",0.5,https://lottery.hk/en/mark-six/results/2014-10-28
30/10/2014,2014,3,19,29,36,47,49,0,0,https://lottery.hk/en/mark-six/results/2014-10-30
1/11/2014,2014,9,10,11,20,26,44,0,0,https://lottery.hk/en/mark-six/results/2014-11-01
4/11/2014,2014,16,23,29,30,37,38,0,0,https://lottery.hk/en/mark-six/results/2014-11-04
6/11/2014,2014,4,10,12,14,29,48,"14,727,540",2,https://lottery.hk/en/mark-six/results/2014-11-06
8/11/2014,2014,7,8,15,32,34,39,0,0,https://lottery.hk/en/mark-six/results/2014-11-08
11/11/2014,2014,3,5,9,19,48,49,"10,474,490",1,https://lottery.hk/en/mark-six/results/2014-11-11
13/11/2014,2014,21,36,41,42,46,49,0,0,https://lottery.hk/en/mark-six/results/2014-11-13
16/11/2014,2014,7,15,32,33,34,43,0,0,https://lottery.hk/en/mark-six/results/2014-11-16
18/11/2014,2014,2,6,17,24,37,49,0,0,https://lottery.hk/en/mark-six/results/2014-11-18
20/11/2014,2014,8,16,19,33,35,46,0,0,https://lottery.hk/en/mark-six/results/2014-11-20
22/11/2014,2014,2,12,17,27,32,33,0,0,https://lottery.hk/en/mark-six/results/2014-11-22
25/11/2014,2014,6,35,41,42,44,47,0,0,https://lottery.hk/en/mark-six/results/2014-11-25
27/11/2014,2014,2,20,22,30,40,45,"56,474,290",1,https://lottery.hk/en/mark-six/results/2014-11-27
29/11/2014,2014,7,26,29,32,33,37,0,0,https://lottery.hk/en/mark-six/results/2014-11-29
2/12/2014,2014,1,4,13,27,47,49,"14,195,900",1,https://lottery.hk/en/mark-six/results/2014-12-02
4/12/2014,2014,1,8,20,27,33,36,0,0,https://lottery.hk/en/mark-six/results/2014-12-04
6/12/2014,2014,17,18,21,25,40,48,0,0,https://lottery.hk/en/mark-six/results/2014-12-06
9/12/2014,2014,3,4,13,29,31,41,"22,273,570",1,https://lottery.hk/en/mark-six/results/2014-12-09
11/12/2014,2014,1,7,13,32,35,39,"8,000,000",1,https://lottery.hk/en/mark-six/results/2014-12-11
13/12/2014,2014,12,14,17,20,40,48,0,0,https://lottery.hk/en/mark-six/results/2014-12-13
16/12/2014,2014,1,7,14,31,34,42,0,0,https://lottery.hk/en/mark-six/results/2014-12-16
18/12/2014,2014,6,8,10,21,25,29,"20,371,440",1,https://lottery.hk/en/mark-six/results/2014-12-18
21/12/2014,2014,2,25,30,36,37,43,0,0,https://lottery.hk/en/mark-six/results/2014-12-21
23/12/2014,2014,1,4,12,14,35,47,0,0,https://lottery.hk/en/mark-six/results/2014-12-23
25/12/2014,2014,12,19,24,43,46,47,"19,483,290",0.5,https://lottery.hk/en/mark-six/results/2014-12-25
27/12/2014,2014,14,15,28,31,32,48,0,0,https://lottery.hk/en/mark-six/results/2014-12-27
29/12/2014,2014,1,25,30,33,39,40,0,0,https://lottery.hk/en/mark-six/results/2014-12-29
31/12/2014,2014,10,19,25,32,33,37,0,0,https://lottery.hk/en/mark-six/results/2014-12-31
3/1/2015,2015,8,15,31,35,42,44,0,0,https://lottery.hk/en/mark-six/results/2015-01-03
6/1/2015,2015,3,14,16,18,38,49,"22,725,350",3,https://lottery.hk/en/mark-six/results/2015-01-06
8/1/2015,2015,8,18,19,28,37,44,0,0,https://lottery.hk/en/mark-six/results/2015-01-08
11/1/2015,2015,10,21,24,33,40,47,"14,179,430",1,https://lottery.hk/en/mark-six/results/2015-01-11
13/1/2015,2015,16,21,27,37,40,43,0,0,https://lottery.hk/en/mark-six/results/2015-01-13
15/1/2015,2015,1,2,14,37,43,49,0,0,https://lottery.hk/en/mark-six/results/2015-01-15
17/1/2015,2015,14,15,16,25,27,30,0,0,https://lottery.hk/en/mark-six/results/2015-01-17
20/1/2015,2015,5,7,9,13,15,29,"28,064,260",1,https://lottery.hk/en/mark-six/results/2015-01-20
22/1/2015,2015,8,16,21,30,42,46,0,0,https://lottery.hk/en/mark-six/results/2015-01-22
24/1/2015,2015,17,18,20,26,31,32,"8,319,880",1.5,https://lottery.hk/en/mark-six/results/2015-01-24
27/1/2015,2015,4,5,10,13,28,35,0,0,https://lottery.hk/en/mark-six/results/2015-01-27
29/1/2015,2015,6,15,25,29,32,46,0,0,https://lottery.hk/en/mark-six/results/2015-01-29
31/1/2015,2015,5,7,14,17,46,47,0,0,https://lottery.hk/en/mark-six/results/2015-01-31
3/2/2015,2015,11,34,36,43,47,49,0,0,https://lottery.hk/en/mark-six/results/2015-02-03
5/2/2015,2015,13,16,17,18,22,45,0,0,https://lottery.hk/en/mark-six/results/2015-02-05
8/2/2015,2015,5,7,17,18,27,48,"41,662,010",0.5,https://lottery.hk/en/mark-six/results/2015-02-08
10/2/2015,2015,2,17,23,30,34,41,0,0,https://lottery.hk/en/mark-six/results/2015-02-10
12/2/2015,2015,7,9,10,14,22,31,"35,051,820",1,https://lottery.hk/en/mark-six/results/2015-02-12
14/2/2015,2015,2,10,12,21,25,35,0,0,https://lottery.hk/en/mark-six/results/2015-02-14
17/2/2015,2015,14,22,28,33,44,46,0,0,https://lottery.hk/en/mark-six/results/2015-02-17
22/2/2015,2015,15,20,28,29,42,46,0,0,https://lottery.hk/en/mark-six/results/2015-02-22
24/2/2015,2015,17,18,28,32,33,48,"39,879,610",1.5,https://lottery.hk/en/mark-six/results/2015-02-24
26/2/2015,2015,10,12,20,22,25,33,"8,000,000",0.5,https://lottery.hk/en/mark-six/results/2015-02-26
28/2/2015,2015,6,9,23,25,41,43,0,0,https://lottery.hk/en/mark-six/results/2015-02-28
3/3/2015,2015,13,17,25,27,46,49,"17,232,210",1,https://lottery.hk/en/mark-six/results/2015-03-03
5/3/2015,2015,2,6,10,20,38,40,0,0,https://lottery.hk/en/mark-six/results/2015-03-05
7/3/2015,2015,6,8,12,16,32,49,0,0,https://lottery.hk/en/mark-six/results/2015-03-07
10/3/2015,2015,1,18,22,27,45,48,"13,685,490",1.5,https://lottery.hk/en/mark-six/results/2015-03-10
12/3/2015,2015,14,17,23,24,25,37,"4,000,000",2,https://lottery.hk/en/mark-six/results/2015-03-12
14/3/2015,2015,4,21,25,29,32,37,"8,000,000",1,https://lottery.hk/en/mark-six/results/2015-03-14
17/3/2015,2015,1,5,11,23,34,47,"8,000,000",1,https://lottery.hk/en/mark-six/results/2015-03-17
19/3/2015,2015,12,15,17,30,31,43,"8,000,000",1,https://lottery.hk/en/mark-six/results/2015-03-19
22/3/2015,2015,7,26,30,33,34,38,0,0,https://lottery.hk/en/mark-six/results/2015-03-22
24/3/2015,2015,2,5,13,37,42,44,0,0,https://lottery.hk/en/mark-six/results/2015-03-24
26/3/2015,2015,2,6,9,16,39,49,"13,123,390",1.5,https://lottery.hk/en/mark-six/results/2015-03-26
28/3/2015,2015,6,11,16,29,30,37,0,0,https://lottery.hk/en/mark-six/results/2015-03-28
31/3/2015,2015,2,5,10,27,36,46,"14,392,300",0.5,https://lottery.hk/en/mark-six/results/2015-03-31
2/4/2015,2015,4,12,20,37,42,47,"12,640,270",1,https://lottery.hk/en/mark-six/results/2015-04-02
4/4/2015,2015,9,12,26,29,44,45,0,0,https://lottery.hk/en/mark-six/results/2015-04-04
6/4/2015,2015,21,24,26,42,43,46,0,0,https://lottery.hk/en/mark-six/results/2015-04-06
9/4/2015,2015,10,11,31,34,37,38,"20,540,720",0.5,https://lottery.hk/en/mark-six/results/2015-04-09
11/4/2015,2015,6,17,18,19,20,42,0,0,https://lottery.hk/en/mark-six/results/2015-04-11
14/4/2015,2015,30,31,35,40,42,48,"22,914,080",0.5,https://lottery.hk/en/mark-six/results/2015-04-14
16/4/2015,2015,1,3,5,20,35,39,0,0,https://lottery.hk/en/mark-six/results/2015-04-16
18/4/2015,2015,12,17,29,31,41,47,0,0,https://lottery.hk/en/mark-six/results/2015-04-18
21/4/2015,2015,3,13,20,24,43,48,0,0,https://lottery.hk/en/mark-six/results/2015-04-21
23/4/2015,2015,3,4,7,8,26,36,"36,689,860",0.5,https://lottery.hk/en/mark-six/results/2015-04-23
25/4/2015,2015,12,19,21,24,36,49,0,0,https://lottery.hk/en/mark-six/results/2015-04-25
28/4/2015,2015,1,8,28,31,36,45,0,0,https://lottery.hk/en/mark-six/results/2015-04-28
30/4/2015,2015,6,8,30,34,36,42,"43,829,100",1,https://lottery.hk/en/mark-six/results/2015-04-30
2/5/2015,2015,7,10,12,16,26,49,0,0,https://lottery.hk/en/mark-six/results/2015-05-02
5/5/2015,2015,11,13,41,42,43,49,0,0,https://lottery.hk/en/mark-six/results/2015-05-05
7/5/2015,2015,3,7,14,21,25,29,0,0,https://lottery.hk/en/mark-six/results/2015-05-07
10/5/2015,2015,2,13,15,38,39,44,0,0,https://lottery.hk/en/mark-six/results/2015-05-10
12/5/2015,2015,3,7,15,25,26,47,0,0,https://lottery.hk/en/mark-six/results/2015-05-12
14/5/2015,2015,5,17,22,34,38,48,"48,719,960",1,https://lottery.hk/en/mark-six/results/2015-05-14
17/5/2015,2015,21,32,36,37,44,46,0,0,https://lottery.hk/en/mark-six/results/2015-05-17
19/5/2015,2015,21,27,28,33,37,48,0,0,https://lottery.hk/en/mark-six/results/2015-05-19
21/5/2015,2015,16,18,19,36,42,47,0,0,https://lottery.hk/en/mark-six/results/2015-05-21
23/5/2015,2015,5,10,13,43,44,45,0,0,https://lottery.hk/en/mark-six/results/2015-05-23
26/5/2015,2015,7,10,15,37,42,45,"42,945,680",0.5,https://lottery.hk/en/mark-six/results/2015-05-26
28/5/2015,2015,2,7,20,23,44,47,"28,973,880",0.5,https://lottery.hk/en/mark-six/results/2015-05-28
30/5/2015,2015,9,16,28,36,42,45,"21,484,090",1,https://lottery.hk/en/mark-six/results/2015-05-30
2/6/2015,2015,11,12,15,21,38,42,"5,333,330",1.5,https://lottery.hk/en/mark-six/results/2015-06-02
4/6/2015,2015,18,24,28,31,39,49,0,0,https://lottery.hk/en/mark-six/results/2015-06-04
6/6/2015,2015,9,11,14,22,27,49,"12,204,300",1,https://lottery.hk/en/mark-six/results/2015-06-06
9/6/2015,2015,7,12,16,17,20,25,0,0,https://lottery.hk/en/mark-six/results/2015-06-09
11/6/2015,2015,10,13,35,38,42,44,0,0,https://lottery.hk/en/mark-six/results/2015-06-11
13/6/2015,2015,10,12,24,25,26,33,0,0,https://lottery.hk/en/mark-six/results/2015-06-13
16/6/2015,2015,13,16,24,26,40,44,0,0,https://lottery.hk/en/mark-six/results/2015-06-16
18/6/2015,2015,4,11,12,24,35,46,"57,974,970",1,https://lottery.hk/en/mark-six/results/2015-06-18
20/6/2015,2015,12,16,31,34,42,48,0,0,https://lottery.hk/en/mark-six/results/2015-06-20
23/6/2015,2015,3,10,26,33,42,46,0,0,https://lottery.hk/en/mark-six/results/2015-06-23
25/6/2015,2015,1,5,26,28,40,49,0,0,https://lottery.hk/en/mark-six/results/2015-06-25
28/6/2015,2015,8,9,18,33,41,43,0,0,https://lottery.hk/en/mark-six/results/2015-06-28
30/6/2015,2015,12,14,21,27,38,43,"34,130,560",0.5,https://lottery.hk/en/mark-six/results/2015-06-30
2/7/2015,2015,4,11,23,32,44,48,0,0,https://lottery.hk/en/mark-six/results/2015-07-02
4/7/2015,2015,9,24,32,34,43,47,0,0,https://lottery.hk/en/mark-six/results/2015-07-04
7/7/2015,2015,9,19,28,29,38,40,"39,075,670",1,https://lottery.hk/en/mark-six/results/2015-07-07
11/7/2015,2015,2,5,17,22,27,28,0,0,https://lottery.hk/en/mark-six/results/2015-07-11
14/7/2015,2015,7,8,10,13,20,38,0,0,https://lottery.hk/en/mark-six/results/2015-07-14
16/7/2015,2015,16,18,22,23,35,38,0,0,https://lottery.hk/en/mark-six/results/2015-07-16
18/7/2015,2015,13,20,23,24,46,47,0,0,https://lottery.hk/en/mark-six/results/2015-07-18
21/7/2015,2015,4,14,15,19,41,42,0,0,https://lottery.hk/en/mark-six/results/2015-07-21
23/7/2015,2015,10,33,40,43,45,49,0,0,https://lottery.hk/en/mark-six/results/2015-07-23
26/7/2015,2015,4,11,15,26,28,30,"79,746,130",1,https://lottery.hk/en/mark-six/results/2015-07-26
28/7/2015,2015,12,25,32,33,34,35,0,0,https://lottery.hk/en/mark-six/results/2015-07-28
30/7/2015,2015,4,5,11,17,24,48,0,0,https://lottery.hk/en/mark-six/results/2015-07-30
1/8/2015,2015,14,20,28,31,32,47,0,0,https://lottery.hk/en/mark-six/results/2015-08-01
4/8/2015,2015,5,9,13,15,21,23,"25,920,360",0.5,https://lottery.hk/en/mark-six/results/2015-08-04
6/8/2015,2015,22,23,35,40,41,42,0,0,https://lottery.hk/en/mark-six/results/2015-08-06
8/8/2015,2015,10,12,19,25,42,46,0,0,https://lottery.hk/en/mark-six/results/2015-08-08
11/8/2015,2015,22,26,27,28,36,47,"33,316,910",0.5,https://lottery.hk/en/mark-six/results/2015-08-11
13/8/2015,2015,1,4,8,21,22,24,0,0,https://lottery.hk/en/mark-six/results/2015-08-13
15/8/2015,2015,2,6,13,25,30,33,0,0,https://lottery.hk/en/mark-six/results/2015-08-15
18/8/2015,2015,7,17,34,41,43,49,0,0,https://lottery.hk/en/mark-six/results/2015-08-18
20/8/2015,2015,4,5,18,23,32,44,0,0,https://lottery.hk/en/mark-six/results/2015-08-20
22/8/2015,2015,2,26,31,32,36,37,"58,071,620",1,https://lottery.hk/en/mark-six/results/2015-08-22
25/8/2015,2015,3,15,16,39,41,42,"8,000,000",0.5,https://lottery.hk/en/mark-six/results/2015-08-25
27/8/2015,2015,9,13,29,30,39,45,0,0,https://lottery.hk/en/mark-six/results/2015-08-27
29/8/2015,2015,9,22,28,32,37,39,"16,323,190",0.5,https://lottery.hk/en/mark-six/results/2015-08-29
1/9/2015,2015,5,6,8,10,31,36,"12,417,590",0.5,https://lottery.hk/en/mark-six/results/2015-09-01
3/9/2015,2015,12,16,34,36,42,45,0,0,https://lottery.hk/en/mark-six/results/2015-09-03
5/9/2015,2015,15,16,20,26,36,40,0,0,https://lottery.hk/en/mark-six/results/2015-09-05
8/9/2015,2015,1,4,13,22,32,41,0,0,https://lottery.hk/en/mark-six/results/2015-09-08
10/9/2015,2015,1,11,13,23,35,36,0,0,https://lottery.hk/en/mark-six/results/2015-09-10
12/9/2015,2015,5,13,21,25,38,40,0,0,https://lottery.hk/en/mark-six/results/2015-09-12
15/9/2015,2015,3,5,17,22,25,27,0,0,https://lottery.hk/en/mark-six/results/2015-09-15
17/9/2015,2015,1,4,9,17,35,41,0,0,https://lottery.hk/en/mark-six/results/2015-09-17
22/9/2015,2015,2,11,12,25,36,43,"90,031,310",0.5,https://lottery.hk/en/mark-six/results/2015-09-22
24/9/2015,2015,4,10,15,16,24,28,0,0,https://lottery.hk/en/mark-six/results/2015-09-24
26/9/2015,2015,6,15,16,18,37,43,0,0,https://lottery.hk/en/mark-six/results/2015-09-26
30/9/2015,2015,9,10,23,28,37,46,"25,355,030",3.5,https://lottery.hk/en/mark-six/results/2015-09-30
3/10/2015,2015,8,10,16,30,39,40,0,0,https://lottery.hk/en/mark-six/results/2015-10-03
6/10/2015,2015,2,7,9,22,32,46,0,0,https://lottery.hk/en/mark-six/results/2015-10-06
8/10/2015,2015,8,17,28,34,39,40,0,0,https://lottery.hk/en/mark-six/results/2015-10-08
11/10/2015,2015,4,21,22,35,36,46,0,0,https://lottery.hk/en/mark-six/results/2015-10-11
13/10/2015,2015,1,4,22,30,33,34,"36,835,940",1,https://lottery.hk/en/mark-six/results/2015-10-13
15/10/2015,2015,17,18,26,30,33,34,0,0,https://lottery.hk/en/mark-six/results/2015-10-15
17/10/2015,2015,2,12,19,33,34,48,0,0,https://lottery.hk/en/mark-six/results/2015-10-17
19/10/2015,2015,7,11,15,38,39,46,0,0,https://lottery.hk/en/mark-six/results/2015-10-19
21/10/2015,2015,1,14,16,25,40,48,0,0,https://lottery.hk/en/mark-six/results/2015-10-21
24/10/2015,2015,18,27,28,34,35,45,"36,592,660",1,https://lottery.hk/en/mark-six/results/2015-10-24
27/10/2015,2015,20,22,31,33,39,44,0,0,https://lottery.hk/en/mark-six/results/2015-10-27
29/10/2015,2015,4,5,6,22,31,46,"20,611,170",2,https://lottery.hk/en/mark-six/results/2015-10-29
31/10/2015,2015,4,10,28,37,42,48,0,0,https://lottery.hk/en/mark-six/results/2015-10-31
3/11/2015,2015,7,12,13,25,34,38,0,0,https://lottery.hk/en/mark-six/results/2015-11-03
5/11/2015,2015,5,10,11,25,27,44,0,0,https://lottery.hk/en/mark-six/results/2015-11-05
7/11/2015,2015,6,16,27,34,44,48,"26,249,980",1,https://lottery.hk/en/mark-six/results/2015-11-07
10/11/2015,2015,4,14,28,42,43,47,0,0,https://lottery.hk/en/mark-six/results/2015-11-10
12/11/2015,2015,10,20,24,28,33,45,0,0,https://lottery.hk/en/mark-six/results/2015-11-12
15/11/2015,2015,13,15,24,28,41,45,0,0,https://lottery.hk/en/mark-six/results/2015-11-15
17/11/2015,2015,12,13,31,33,35,47,"32,376,390",1,https://lottery.hk/en/mark-six/results/2015-11-17
19/11/2015,2015,13,15,25,40,41,48,0,0,https://lottery.hk/en/mark-six/results/2015-11-19
22/11/2015,2015,9,20,30,33,38,39,0,0,https://lottery.hk/en/mark-six/results/2015-11-22
24/11/2015,2015,17,21,22,36,41,44,0,0,https://lottery.hk/en/mark-six/results/2015-11-24
26/11/2015,2015,10,17,25,26,39,44,0,0,https://lottery.hk/en/mark-six/results/2015-11-26
28/11/2015,2015,15,21,24,25,28,31,"34,943,110",1,https://lottery.hk/en/mark-six/results/2015-11-28
1/12/2015,2015,8,9,10,22,33,40,0,0,https://lottery.hk/en/mark-six/results/2015-12-01
3/12/2015,2015,4,11,14,41,42,44,"12,596,600",1,https://lottery.hk/en/mark-six/results/2015-12-03
5/12/2015,2015,6,16,19,34,35,46,0,0,https://lottery.hk/en/mark-six/results/2015-12-05
8/12/2015,2015,9,10,25,40,48,49,"12,180,010",1,https://lottery.hk/en/mark-six/results/2015-12-08
10/12/2015,2015,9,24,29,32,34,47,"8,000,000",1,https://lottery.hk/en/mark-six/results/2015-12-10
12/12/2015,2015,16,18,27,35,42,44,0,0,https://lottery.hk/en/mark-six/results/2015-12-12
15/12/2015,2015,18,22,40,41,48,49,0,0,https://lottery.hk/en/mark-six/results/2015-12-15
17/12/2015,2015,18,20,24,36,44,45,"21,007,130",1,https://lottery.hk/en/mark-six/results/2015-12-17
20/12/2015,2015,6,11,16,20,43,45,0,0,https://lottery.hk/en/mark-six/results/2015-12-20
22/12/2015,2015,11,28,36,38,44,48,0,0,https://lottery.hk/en/mark-six/results/2015-12-22
24/12/2015,2015,12,18,20,28,33,47,0,0,https://lottery.hk/en/mark-six/results/2015-12-24
26/12/2015,2015,1,8,33,37,42,47,0,0,https://lottery.hk/en/mark-six/results/2015-12-26
29/12/2015,2015,3,5,20,30,33,38,0,0,https://lottery.hk/en/mark-six/results/2015-12-29
31/12/2015,2015,2,11,12,22,24,25,0,0,https://lottery.hk/en/mark-six/results/2015-12-31
2/1/2016,2016,6,8,11,32,34,41,0,0,https://lottery.hk/en/mark-six/results/2016-01-02
5/1/2016,2016,2,5,7,18,30,45,"53,159,400",1.5,https://lottery.hk/en/mark-six/results/2016-01-05
7/1/2016,2016,6,9,11,29,43,47,0,0,https://lottery.hk/en/mark-six/results/2016-01-07
10/1/2016,2016,4,8,15,18,30,45,0,0,https://lottery.hk/en/mark-six/results/2016-01-10
12/1/2016,2016,8,13,15,35,44,45,0,0,https://lottery.hk/en/mark-six/results/2016-01-12
14/1/2016,2016,1,2,10,23,32,49,"30,513,670",0.5,https://lottery.hk/en/mark-six/results/2016-01-14
16/1/2016,2016,1,2,6,37,40,43,0,0,https://lottery.hk/en/mark-six/results/2016-01-16
19/1/2016,2016,8,18,20,25,30,39,"32,356,790",0.5,https://lottery.hk/en/mark-six/results/2016-01-19
21/1/2016,2016,2,12,33,40,45,47,"22,509,740",1,https://lottery.hk/en/mark-six/results/2016-01-21
23/1/2016,2016,7,8,12,14,23,32,"8,000,000",0.5,https://lottery.hk/en/mark-six/results/2016-01-23
26/1/2016,2016,5,9,22,26,27,40,0,0,https://lottery.hk/en/mark-six/results/2016-01-26
28/1/2016,2016,8,20,30,34,42,48,0,0,https://lottery.hk/en/mark-six/results/2016-01-28
30/1/2016,2016,1,5,29,32,39,44,0,0,https://lottery.hk/en/mark-six/results/2016-01-30
2/2/2016,2016,18,28,30,33,34,36,"19,497,340",1.5,https://lottery.hk/en/mark-six/results/2016-02-02
4/2/2016,2016,7,13,15,35,38,45,"8,000,000",1,https://lottery.hk/en/mark-six/results/2016-02-04
7/2/2016,2016,11,13,15,19,21,29,"8,000,000",1,https://lottery.hk/en/mark-six/results/2016-02-07
11/2/2016,2016,3,4,17,30,35,47,"54,916,660",1,https://lottery.hk/en/mark-six/results/2016-02-11
13/2/2016,2016,8,14,24,29,36,43,0,0,https://lottery.hk/en/mark-six/results/2016-02-13
16/2/2016,2016,18,21,22,34,42,43,0,0,https://lottery.hk/en/mark-six/results/2016-02-16
18/2/2016,2016,13,20,38,39,41,45,"24,693,930",1,https://lottery.hk/en/mark-six/results/2016-02-18
20/2/2016,2016,12,20,39,44,47,49,0,0,https://lottery.hk/en/mark-six/results/2016-02-20
23/2/2016,2016,9,15,24,27,44,45,0,0,https://lottery.hk/en/mark-six/results/2016-02-23
25/2/2016,2016,3,6,22,24,45,47,0,0,https://lottery.hk/en/mark-six/results/2016-02-25
27/2/2016,2016,6,9,11,20,27,44,"29,307,500",1,https://lottery.hk/en/mark-six/results/2016-02-27
1/3/2016,2016,11,16,19,21,30,33,"27,218,060",5,https://lottery.hk/en/mark-six/results/2016-03-01
3/3/2016,2016,1,2,5,7,16,45,0,0,https://lottery.hk/en/mark-six/results/2016-03-03
5/3/2016,2016,17,26,29,32,48,49,0,0,https://lottery.hk/en/mark-six/results/2016-03-05
8/3/2016,2016,3,4,16,30,34,39,"14,174,240",1.5,https://lottery.hk/en/mark-six/results/2016-03-08
10/3/2016,2016,9,14,24,30,33,48,0,0,https://lottery.hk/en/mark-six/results/2016-03-10
12/3/2016,2016,3,23,33,36,41,49,0,0,https://lottery.hk/en/mark-six/results/2016-03-12
15/3/2016,2016,1,6,19,26,28,41,0,0,https://lottery.hk/en/mark-six/results/2016-03-15
17/3/2016,2016,3,8,15,16,17,38,"9,717,420",3,https://lottery.hk/en/mark-six/results/2016-03-17
19/3/2016,2016,23,25,35,39,42,43,0,0,https://lottery.hk/en/mark-six/results/2016-03-19
22/3/2016,2016,5,10,18,24,27,49,"8,048,860",2,https://lottery.hk/en/mark-six/results/2016-03-22
24/3/2016,2016,16,18,21,25,35,46,0,0,https://lottery.hk/en/mark-six/results/2016-03-24
26/3/2016,2016,17,24,38,44,46,47,0,0,https://lottery.hk/en/mark-six/results/2016-03-26
29/3/2016,2016,9,12,13,22,30,31,"18,485,350",0.5,https://lottery.hk/en/mark-six/results/2016-03-29
2/4/2016,2016,4,6,29,34,36,45,0,0,https://lottery.hk/en/mark-six/results/2016-04-02
5/4/2016,2016,4,10,21,30,35,43,0,0,https://lottery.hk/en/mark-six/results/2016-04-05
7/4/2016,2016,8,21,25,32,34,45,"30,895,240",0.5,https://lottery.hk/en/mark-six/results/2016-04-07
9/4/2016,2016,3,6,13,38,43,44,0,0,https://lottery.hk/en/mark-six/results/2016-04-09
12/4/2016,2016,21,25,28,33,46,48,"30,011,980",0.5,https://lottery.hk/en/mark-six/results/2016-04-12
14/4/2016,2016,14,21,25,27,44,46,0,0,https://lottery.hk/en/mark-six/results/2016-04-14
17/4/2016,2016,16,24,28,35,45,46,0,0,https://lottery.hk/en/mark-six/results/2016-04-17
19/4/2016,2016,5,8,30,34,45,48,0,0,https://lottery.hk/en/mark-six/results/2016-04-19
21/4/2016,2016,3,5,14,15,39,41,0,0,https://lottery.hk/en/mark-six/results/2016-04-21
23/4/2016,2016,2,10,16,35,46,47,0,0,https://lottery.hk/en/mark-six/results/2016-04-23
26/4/2016,2016,1,3,25,27,28,45,0,0,https://lottery.hk/en/mark-six/results/2016-04-26
30/4/2016,2016,11,20,28,29,44,49,0,0,https://lottery.hk/en/mark-six/results/2016-04-30
5/5/2016,2016,6,7,12,15,27,36,0,0,https://lottery.hk/en/mark-six/results/2016-05-05
10/5/2016,2016,20,26,28,32,40,45,"84,659,780",2,https://lottery.hk/en/mark-six/results/2016-05-10
12/5/2016,2016,4,12,19,20,27,49,0,0,https://lottery.hk/en/mark-six/results/2016-05-12
15/5/2016,2016,2,11,25,28,36,46,"13,855,260",1,https://lottery.hk/en/mark-six/results/2016-05-15
17/5/2016,2016,1,19,23,24,32,40,0,0,https://lottery.hk/en/mark-six/results/2016-05-17
19/5/2016,2016,2,8,20,24,37,39,0,0,https://lottery.hk/en/mark-six/results/2016-05-19
21/5/2016,2016,6,13,23,25,44,48,"22,833,480",1,https://lottery.hk/en/mark-six/results/2016-05-21
24/5/2016,2016,14,18,33,34,35,46,0,0,https://lottery.hk/en/mark-six/results/2016-05-24
26/5/2016,2016,9,15,36,38,46,48,0,0,https://lottery.hk/en/mark-six/results/2016-05-26
28/5/2016,2016,21,23,32,33,36,42,"21,775,340",1,https://lottery.hk/en/mark-six/results/2016-05-28
31/5/2016,2016,21,24,36,38,39,44,"8,000,000",1,https://lottery.hk/en/mark-six/results/2016-05-31
2/6/2016,2016,3,4,19,24,26,34,0,0,https://lottery.hk/en/mark-six/results/2016-06-02
4/6/2016,2016,8,16,21,32,38,48,0,0,https://lottery.hk/en/mark-six/results/2016-06-04
6/6/2016,2016,2,5,8,12,20,49,0,0,https://lottery.hk/en/mark-six/results/2016-06-06
8/6/2016,2016,4,13,34,36,42,48,0,0,https://lottery.hk/en/mark-six/results/2016-06-08
11/6/2016,2016,10,14,23,29,40,42,0,0,https://lottery.hk/en/mark-six/results/2016-06-11
14/6/2016,2016,13,15,30,36,44,49,0,0,https://lottery.hk/en/mark-six/results/2016-06-14
16/6/2016,2016,19,22,27,29,45,48,"26,446,460",2,https://lottery.hk/en/mark-six/results/2016-06-16
18/6/2016,2016,4,5,8,12,34,37,0,0,https://lottery.hk/en/mark-six/results/2016-06-18
21/6/2016,2016,9,10,20,21,38,39,0,0,https://lottery.hk/en/mark-six/results/2016-06-21
23/6/2016,2016,6,9,21,35,48,49,0,0,https://lottery.hk/en/mark-six/results/2016-06-23
25/6/2016,2016,10,15,22,38,42,43,"23,796,070",0.5,https://lottery.hk/en/mark-six/results/2016-06-25
28/6/2016,2016,7,13,23,30,32,48,0,0,https://lottery.hk/en/mark-six/results/2016-06-28
30/6/2016,2016,2,5,6,7,16,29,"22,324,120",1,https://lottery.hk/en/mark-six/results/2016-06-30
2/7/2016,2016,2,8,16,32,33,37,0,0,https://lottery.hk/en/mark-six/results/2016-07-02
5/7/2016,2016,1,6,13,17,34,44,0,0,https://lottery.hk/en/mark-six/results/2016-07-05
7/7/2016,2016,13,14,21,31,38,44,0,0,https://lottery.hk/en/mark-six/results/2016-07-07
9/7/2016,2016,7,19,20,28,30,31,0,0,https://lottery.hk/en/mark-six/results/2016-07-09
12/7/2016,2016,12,20,31,32,35,45,"36,859,760",1,https://lottery.hk/en/mark-six/results/2016-07-12
14/7/2016,2016,16,21,30,36,38,47,0,0,https://lottery.hk/en/mark-six/results/2016-07-14
16/7/2016,2016,1,2,7,16,24,34,0,0,https://lottery.hk/en/mark-six/results/2016-07-16
19/7/2016,2016,7,21,27,33,46,47,0,0,https://lottery.hk/en/mark-six/results/2016-07-19
22/7/2016,2016,10,11,22,41,44,46,"107,893,900",0.5,https://lottery.hk/en/mark-six/results/2016-07-22
24/7/2016,2016,11,18,26,31,39,44,"68,372,410",1,https://lottery.hk/en/mark-six/results/2016-07-24
26/7/2016,2016,3,14,17,21,28,49,0,0,https://lottery.hk/en/mark-six/results/2016-07-26
28/7/2016,2016,12,20,24,35,39,47,"16,042,160",0.5,https://lottery.hk/en/mark-six/results/2016-07-28
30/7/2016,2016,9,21,29,33,35,48,"15,741,020",1,https://lottery.hk/en/mark-six/results/2016-07-30
2/8/2016,2016,7,11,12,19,21,39,0,0,https://lottery.hk/en/mark-six/results/2016-08-02
4/8/2016,2016,10,16,34,41,45,47,"14,233,140",1,https://lottery.hk/en/mark-six/results/2016-08-04
6/8/2016,2016,2,17,23,32,36,40,"8,000,000",1,https://lottery.hk/en/mark-six/results/2016-08-06
9/8/2016,2016,5,9,13,22,34,39,0,0,https://lottery.hk/en/mark-six/results/2016-08-09
11/8/2016,2016,10,11,19,23,30,38,0,0,https://lottery.hk/en/mark-six/results/2016-08-11
13/8/2016,2016,3,4,11,23,44,47,0,0,https://lottery.hk/en/mark-six/results/2016-08-13
16/8/2016,2016,5,12,14,20,27,46,0,0,https://lottery.hk/en/mark-six/results/2016-08-16
18/8/2016,2016,3,17,20,22,45,46,0,0,https://lottery.hk/en/mark-six/results/2016-08-18
20/8/2016,2016,2,3,15,28,46,48,0,0,https://lottery.hk/en/mark-six/results/2016-08-20
23/8/2016,2016,14,16,24,25,43,44,"55,846,660",0.5,https://lottery.hk/en/mark-six/results/2016-08-23
25/8/2016,2016,4,20,34,35,40,47,"36,248,280",1,https://lottery.hk/en/mark-six/results/2016-08-25
27/8/2016,2016,3,6,13,24,37,43,0,0,https://lottery.hk/en/mark-six/results/2016-08-27
30/8/2016,2016,14,20,21,31,34,42,"14,445,740",0.5,https://lottery.hk/en/mark-six/results/2016-08-30
1/9/2016,2016,8,11,13,30,34,49,0,0,https://lottery.hk/en/mark-six/results/2016-09-01
4/9/2016,2016,8,25,26,28,38,43,"18,604,190",0.5,https://lottery.hk/en/mark-six/results/2016-09-04
6/9/2016,2016,11,15,33,41,43,48,0,0,https://lottery.hk/en/mark-six/results/2016-09-06
8/9/2016,2016,3,4,5,26,45,48,0,0,https://lottery.hk/en/mark-six/results/2016-09-08
10/9/2016,2016,7,16,32,37,38,46,0,0,https://lottery.hk/en/mark-six/results/2016-09-10
13/9/2016,2016,1,13,19,21,38,49,"55,625,480",1.5,https://lottery.hk/en/mark-six/results/2016-09-13
15/9/2016,2016,24,25,34,35,44,49,0,0,https://lottery.hk/en/mark-six/results/2016-09-15
17/9/2016,2016,3,18,21,25,31,42,0,0,https://lottery.hk/en/mark-six/results/2016-09-17
20/9/2016,2016,4,16,19,27,41,44,"20,720,150",0.5,https://lottery.hk/en/mark-six/results/2016-09-20
22/9/2016,2016,5,30,38,43,44,47,0,0,https://lottery.hk/en/mark-six/results/2016-09-22
24/9/2016,2016,1,17,20,34,43,44,"26,170,670",1,https://lottery.hk/en/mark-six/results/2016-09-24
27/9/2016,2016,12,16,19,23,28,32,0,0,https://lottery.hk/en/mark-six/results/2016-09-27
29/9/2016,2016,14,20,28,33,41,48,0,0,https://lottery.hk/en/mark-six/results/2016-09-29
2/10/2016,2016,7,8,21,22,34,46,0,0,https://lottery.hk/en/mark-six/results/2016-10-02
4/10/2016,2016,2,6,10,28,38,40,"25,918,710",0.5,https://lottery.hk/en/mark-six/results/2016-10-04
6/10/2016,2016,5,11,13,19,33,48,0,0,https://lottery.hk/en/mark-six/results/2016-10-06
9/10/2016,2016,12,26,28,36,45,49,"25,102,070",1,https://lottery.hk/en/mark-six/results/2016-10-09
11/10/2016,2016,16,19,24,28,36,42,0,0,https://lottery.hk/en/mark-six/results/2016-10-11
13/10/2016,2016,2,9,16,27,32,40,0,0,https://lottery.hk/en/mark-six/results/2016-10-13
15/10/2016,2016,7,12,18,27,28,40,0,0,https://lottery.hk/en/mark-six/results/2016-10-15
18/10/2016,2016,8,27,28,30,38,41,"23,998,200",0.5,https://lottery.hk/en/mark-six/results/2016-10-18
20/10/2016,2016,2,4,7,15,28,45,0,0,https://lottery.hk/en/mark-six/results/2016-10-20
22/10/2016,2016,3,12,13,20,33,43,0,0,https://lottery.hk/en/mark-six/results/2016-10-22
25/10/2016,2016,7,8,12,17,22,29,"30,026,600",2.5,https://lottery.hk/en/mark-six/results/2016-10-25
27/10/2016,2016,8,16,17,34,35,44,0,0,https://lottery.hk/en/mark-six/results/2016-10-27
29/10/2016,2016,22,26,32,38,43,47,0,0,https://lottery.hk/en/mark-six/results/2016-10-29
1/11/2016,2016,1,2,21,31,33,36,0,0,https://lottery.hk/en/mark-six/results/2016-11-01
3/11/2016,2016,6,14,18,22,30,38,0,0,https://lottery.hk/en/mark-six/results/2016-11-03
5/11/2016,2016,9,12,31,39,42,46,0,0,https://lottery.hk/en/mark-six/results/2016-11-05
8/11/2016,2016,3,5,6,11,34,42,"28,255,500",1.5,https://lottery.hk/en/mark-six/results/2016-11-08
10/11/2016,2016,3,17,38,39,46,49,0,0,https://lottery.hk/en/mark-six/results/2016-11-10
13/11/2016,2016,2,16,27,29,34,41,0,0,https://lottery.hk/en/mark-six/results/2016-11-13
15/11/2016,2016,10,15,17,18,27,40,0,0,https://lottery.hk/en/mark-six/results/2016-11-15
17/11/2016,2016,5,18,26,28,30,45,0,0,https://lottery.hk/en/mark-six/results/2016-11-17
19/11/2016,2016,2,6,23,24,37,42,0,0,https://lottery.hk/en/mark-six/results/2016-11-19
22/11/2016,2016,12,13,16,18,38,40,0,0,https://lottery.hk/en/mark-six/results/2016-11-22
24/11/2016,2016,3,9,24,31,38,49,0,0,https://lottery.hk/en/mark-six/results/2016-11-24
26/11/2016,2016,1,2,3,4,7,10,"2,815,140",23.5,https://lottery.hk/en/mark-six/results/2016-11-26
29/11/2016,2016,4,11,18,22,24,49,"8,000,000",1,https://lottery.hk/en/mark-six/results/2016-11-29
1/12/2016,2016,9,15,18,21,24,37,0,0,https://lottery.hk/en/mark-six/results/2016-12-01
3/12/2016,2016,8,13,23,30,47,48,0,0,https://lottery.hk/en/mark-six/results/2016-12-03
6/12/2016,2016,3,7,17,29,32,49,"18,838,130",0.5,https://lottery.hk/en/mark-six/results/2016-12-06
8/12/2016,2016,9,24,26,28,37,39,"14,952,940",1,https://lottery.hk/en/mark-six/results/2016-12-08
10/12/2016,2016,7,22,32,33,34,39,0,0,https://lottery.hk/en/mark-six/results/2016-12-10
13/12/2016,2016,7,14,26,31,38,44,"15,276,750",0.5,https://lottery.hk/en/mark-six/results/2016-12-13
15/12/2016,2016,15,19,20,32,33,34,"13,476,990",0.5,https://lottery.hk/en/mark-six/results/2016-12-15
18/12/2016,2016,3,10,21,26,28,38,0,0,https://lottery.hk/en/mark-six/results/2016-12-18
20/12/2016,2016,5,28,32,34,37,48,0,0,https://lottery.hk/en/mark-six/results/2016-12-20
23/12/2016,2016,4,14,16,25,32,35,"27,442,250",0.5,https://lottery.hk/en/mark-six/results/2016-12-23
25/12/2016,2016,3,4,10,26,37,43,0,0,https://lottery.hk/en/mark-six/results/2016-12-25
29/12/2016,2016,2,11,13,15,17,21,0,0,https://lottery.hk/en/mark-six/results/2016-12-29
31/12/2016,2016,8,9,12,15,17,28,"11,582,010",3,https://lottery.hk/en/mark-six/results/2016-12-31
3/1/2017,2017,4,11,22,29,37,46,"30,252,220",2.5,https://lottery.hk/en/mark-six/results/2017-01-03
5/1/2017,2017,5,14,20,21,36,49,0,0,https://lottery.hk/en/mark-six/results/2017-01-05
7/1/2017,2017,7,10,14,29,45,46,0,0,https://lottery.hk/en/mark-six/results/2017-01-07
10/1/2017,2017,2,7,14,26,38,39,"22,855,160",0.5,https://lottery.hk/en/mark-six/results/2017-01-10
12/1/2017,2017,18,25,27,30,40,43,0,0,https://lottery.hk/en/mark-six/results/2017-01-12
15/1/2017,2017,1,6,22,37,44,48,"16,516,210",1.5,https://lottery.hk/en/mark-six/results/2017-01-15
17/1/2017,2017,26,27,28,36,42,47,0,0,https://lottery.hk/en/mark-six/results/2017-01-17
19/1/2017,2017,1,2,13,23,35,43,"13,724,920",1,https://lottery.hk/en/mark-six/results/2017-01-19
21/1/2017,2017,8,27,28,37,38,49,0,0,https://lottery.hk/en/mark-six/results/2017-01-21
24/1/2017,2017,2,5,23,27,36,43,0,0,https://lottery.hk/en/mark-six/results/2017-01-24
26/1/2017,2017,13,24,28,29,31,44,"25,496,990",1,https://lottery.hk/en/mark-six/results/2017-01-26
28/1/2017,2017,8,15,25,30,34,40,0,0,https://lottery.hk/en/mark-six/results/2017-01-28
1/2/2017,2017,13,14,18,23,29,35,"35,772,980",2.5,https://lottery.hk/en/mark-six/results/2017-02-01
4/2/2017,2017,7,14,25,28,33,40,"8,000,000",1,https://lottery.hk/en/mark-six/results/2017-02-04
7/2/2017,2017,6,11,22,25,32,33,0,0,https://lottery.hk/en/mark-six/results/2017-02-07
9/2/2017,2017,3,12,13,19,24,45,"6,965,180",2,https://lottery.hk/en/mark-six/results/2017-02-09
12/2/2017,2017,7,21,26,30,38,47,0,0,https://lottery.hk/en/mark-six/results/2017-02-12
14/2/2017,2017,14,16,21,28,43,46,0,0,https://lottery.hk/en/mark-six/results/2017-02-14
16/2/2017,2017,5,8,23,34,41,44,0,0,https://lottery.hk/en/mark-six/results/2017-02-16
18/2/2017,2017,5,8,12,17,20,37,0,0,https://lottery.hk/en/mark-six/results/2017-02-18
21/2/2017,2017,1,7,13,29,32,44,0,0,https://lottery.hk/en/mark-six/results/2017-02-21
23/2/2017,2017,13,15,16,32,34,46,0,0,https://lottery.hk/en/mark-six/results/2017-02-23
25/2/2017,2017,4,12,19,20,25,26,0,0,https://lottery.hk/en/mark-six/results/2017-02-25
28/2/2017,2017,15,20,24,34,42,44,"75,969,490",1,https://lottery.hk/en/mark-six/results/2017-02-28
2/3/2017,2017,6,13,31,42,43,45,0,0,https://lottery.hk/en/mark-six/results/2017-03-02
4/3/2017,2017,10,18,22,23,29,32,0,0,https://lottery.hk/en/mark-six/results/2017-03-04
7/3/2017,2017,2,14,18,19,40,43,0,0,https://lottery.hk/en/mark-six/results/2017-03-07
9/3/2017,2017,17,19,25,35,41,44,0,0,https://lottery.hk/en/mark-six/results/2017-03-09
11/3/2017,2017,1,4,20,27,32,39,0,0,https://lottery.hk/en/mark-six/results/2017-03-11
14/3/2017,2017,2,32,33,35,36,44,"54,978,560",0.5,https://lottery.hk/en/mark-six/results/2017-03-14
16/3/2017,2017,1,2,11,19,40,48,0,0,https://lottery.hk/en/mark-six/results/2017-03-16
18/3/2017,2017,2,13,17,23,30,46,"44,284,630",1,https://lottery.hk/en/mark-six/results/2017-03-18
21/3/2017,2017,8,12,20,25,37,46,0,0,https://lottery.hk/en/mark-six/results/2017-03-21
23/3/2017,2017,5,14,17,33,41,47,0,0,https://lottery.hk/en/mark-six/results/2017-03-23
25/3/2017,2017,9,10,23,30,38,48,0,0,https://lottery.hk/en/mark-six/results/2017-03-25
28/3/2017,2017,2,9,21,35,36,40,0,0,https://lottery.hk/en/mark-six/results/2017-03-28
30/3/2017,2017,18,19,21,30,38,48,0,0,https://lottery.hk/en/mark-six/results/2017-03-30
1/4/2017,2017,7,17,20,34,36,44,"47,474,300",1,https://lottery.hk/en/mark-six/results/2017-04-01
4/4/2017,2017,3,9,19,33,40,41,0,0,https://lottery.hk/en/mark-six/results/2017-04-04
6/4/2017,2017,4,21,24,39,45,46,0,0,https://lottery.hk/en/mark-six/results/2017-04-06
8/4/2017,2017,2,11,14,20,27,30,0,0,https://lottery.hk/en/mark-six/results/2017-04-08
11/4/2017,2017,14,17,22,29,30,31,0,0,https://lottery.hk/en/mark-six/results/2017-04-11
13/4/2017,2017,4,10,25,26,38,49,0,0,https://lottery.hk/en/mark-six/results/2017-04-13
15/4/2017,2017,1,4,5,29,33,44,0,0,https://lottery.hk/en/mark-six/results/2017-04-15
18/4/2017,2017,4,10,11,18,29,38,0,0,https://lottery.hk/en/mark-six/results/2017-04-18
22/4/2017,2017,1,9,11,23,29,34,"32,026,120",2,https://lottery.hk/en/mark-six/results/2017-04-22
25/4/2017,2017,1,21,22,45,46,49,0,0,https://lottery.hk/en/mark-six/results/2017-04-25
27/4/2017,2017,16,17,21,42,48,49,0,0,https://lottery.hk/en/mark-six/results/2017-04-27
29/4/2017,2017,5,8,14,22,31,48,"20,574,610",1,https://lottery.hk/en/mark-six/results/2017-04-29
2/5/2017,2017,1,20,22,27,31,41,0,0,https://lottery.hk/en/mark-six/results/2017-05-02
4/5/2017,2017,4,17,21,32,36,46,"15,773,210",1,https://lottery.hk/en/mark-six/results/2017-05-04
6/5/2017,2017,1,3,9,13,34,35,"8,000,000",1,https://lottery.hk/en/mark-six/results/2017-05-06
9/5/2017,2017,6,22,23,31,36,45,0,0,https://lottery.hk/en/mark-six/results/2017-05-09
11/5/2017,2017,9,16,22,38,40,46,0,0,https://lottery.hk/en/mark-six/results/2017-05-11
14/5/2017,2017,1,7,12,18,27,33,"10,203,960",2,https://lottery.hk/en/mark-six/results/2017-05-14
16/5/2017,2017,1,5,7,9,10,15,"2,000,000",4,https://lottery.hk/en/mark-six/results/2017-05-16
18/5/2017,2017,7,11,20,28,41,49,"8,000,000",1,https://lottery.hk/en/mark-six/results/2017-05-18
20/5/2017,2017,2,3,17,34,38,48,0,0,https://lottery.hk/en/mark-six/results/2017-05-20
23/5/2017,2017,7,13,17,23,29,46,"13,625,680",0.5,https://lottery.hk/en/mark-six/results/2017-05-23
25/5/2017,2017,23,26,27,39,40,48,0,0,https://lottery.hk/en/mark-six/results/2017-05-25
27/5/2017,2017,5,7,18,22,33,43,0,0,https://lottery.hk/en/mark-six/results/2017-05-27
30/5/2017,2017,14,18,27,32,37,38,"16,389,320",1.5,https://lottery.hk/en/mark-six/results/2017-05-30
1/6/2017,2017,4,18,23,28,36,45,0,0,https://lottery.hk/en/mark-six/results/2017-06-01
3/6/2017,2017,11,15,24,25,33,40,0,0,https://lottery.hk/en/mark-six/results/2017-06-03
6/6/2017,2017,8,24,26,30,47,49,0,0,https://lottery.hk/en/mark-six/results/2017-06-06
8/6/2017,2017,8,11,15,23,24,29,0,0,https://lottery.hk/en/mark-six/results/2017-06-08
10/6/2017,2017,1,13,18,23,30,44,0,0,https://lottery.hk/en/mark-six/results/2017-06-10
13/6/2017,2017,21,23,27,34,46,49,0,0,https://lottery.hk/en/mark-six/results/2017-06-13
15/6/2017,2017,1,2,5,12,18,19,"15,617,750",3.5,https://lottery.hk/en/mark-six/results/2017-06-15
17/6/2017,2017,9,34,39,42,46,49,0,0,https://lottery.hk/en/mark-six/results/2017-06-17
20/6/2017,2017,15,18,20,25,35,45,0,0,https://lottery.hk/en/mark-six/results/2017-06-20
22/6/2017,2017,18,20,21,27,31,49,0,0,https://lottery.hk/en/mark-six/results/2017-06-22
24/6/2017,2017,3,28,30,32,37,42,0,0,https://lottery.hk/en/mark-six/results/2017-06-24
27/6/2017,2017,12,24,30,40,44,48,"41,734,010",1,https://lottery.hk/en/mark-six/results/2017-06-27
29/6/2017,2017,11,16,26,27,29,37,"8,000,000",1,https://lottery.hk/en/mark-six/results/2017-06-29
2/7/2017,2017,4,9,27,33,39,42,"8,000,000",1,https://lottery.hk/en/mark-six/results/2017-07-02
4/7/2017,2017,2,5,15,26,27,38,0,0,https://lottery.hk/en/mark-six/results/2017-07-04
6/7/2017,2017,2,6,7,8,10,30,0,0,https://lottery.hk/en/mark-six/results/2017-07-06
8/7/2017,2017,3,8,11,21,36,48,0,0,https://lottery.hk/en/mark-six/results/2017-07-08
11/7/2017,2017,1,11,20,22,43,45,"21,404,610",0.5,https://lottery.hk/en/mark-six/results/2017-07-11
13/7/2017,2017,4,5,25,27,29,41,0,0,https://lottery.hk/en/mark-six/results/2017-07-13
15/7/2017,2017,29,34,35,42,43,48,0,0,https://lottery.hk/en/mark-six/results/2017-07-15
18/7/2017,2017,6,14,32,33,40,46,"54,696,480",1.5,https://lottery.hk/en/mark-six/results/2017-07-18
20/7/2017,2017,5,9,12,25,26,34,"8,000,000",1,https://lottery.hk/en/mark-six/results/2017-07-20
22/7/2017,2017,4,6,27,36,47,49,0,0,https://lottery.hk/en/mark-six/results/2017-07-22
25/7/2017,2017,8,9,15,33,37,47,0,0,https://lottery.hk/en/mark-six/results/2017-07-25
27/7/2017,2017,3,4,31,37,42,44,0,0,https://lottery.hk/en/mark-six/results/2017-07-27
30/7/2017,2017,11,15,25,30,37,43,0,0,https://lottery.hk/en/mark-six/results/2017-07-30
1/8/2017,2017,10,25,26,32,36,37,0,0,https://lottery.hk/en/mark-six/results/2017-08-01
3/8/2017,2017,6,18,22,24,35,40,0,0,https://lottery.hk/en/mark-six/results/2017-08-03
5/8/2017,2017,14,25,32,35,39,48,"59,265,560",0.5,https://lottery.hk/en/mark-six/results/2017-08-05
8/8/2017,2017,8,10,25,28,33,37,"24,163,490",1.5,https://lottery.hk/en/mark-six/results/2017-08-08
10/8/2017,2017,18,22,25,32,33,42,"8,000,000",0.5,https://lottery.hk/en/mark-six/results/2017-08-10
12/8/2017,2017,3,4,15,25,38,45,0,0,https://lottery.hk/en/mark-six/results/2017-08-12
15/8/2017,2017,3,4,7,19,20,23,0,0,https://lottery.hk/en/mark-six/results/2017-08-15
17/8/2017,2017,5,21,24,29,43,44,"21,020,940",0.5,https://lottery.hk/en/mark-six/results/2017-08-17
19/8/2017,2017,2,23,32,34,43,45,"10,869,860",1.5,https://lottery.hk/en/mark-six/results/2017-08-19
22/8/2017,2017,4,23,24,33,40,43,"8,000,000",1,https://lottery.hk/en/mark-six/results/2017-08-22
24/8/2017,2017,4,7,10,21,28,47,"8,000,000",1,https://lottery.hk/en/mark-six/results/2017-08-24
26/8/2017,2017,16,34,35,36,40,46,0,0,https://lottery.hk/en/mark-six/results/2017-08-26
29/8/2017,2017,12,24,26,34,44,48,0,0,https://lottery.hk/en/mark-six/results/2017-08-29
31/8/2017,2017,12,17,18,25,33,37,0,0,https://lottery.hk/en/mark-six/results/2017-08-31
2/9/2017,2017,1,5,11,23,24,27,"22,577,500",1,https://lottery.hk/en/mark-six/results/2017-09-02
5/9/2017,2017,1,2,8,30,39,43,0,0,https://lottery.hk/en/mark-six/results/2017-09-05
7/9/2017,2017,10,19,27,29,41,46,0,0,https://lottery.hk/en/mark-six/results/2017-09-07
9/9/2017,2017,4,7,18,23,29,39,0,0,https://lottery.hk/en/mark-six/results/2017-09-09
12/9/2017,2017,21,23,30,38,44,49,0,0,https://lottery.hk/en/mark-six/results/2017-09-12
14/9/2017,2017,25,26,34,41,42,49,0,0,https://lottery.hk/en/mark-six/results/2017-09-14
17/9/2017,2017,3,12,16,23,36,47,"44,795,760",1,https://lottery.hk/en/mark-six/results/2017-09-17
19/9/2017,2017,7,11,12,30,34,36,0,0,https://lottery.hk/en/mark-six/results/2017-09-19
21/9/2017,2017,1,3,4,5,32,39,0,0,https://lottery.hk/en/mark-six/results/2017-09-21
23/9/2017,2017,1,13,22,25,30,36,0,0,https://lottery.hk/en/mark-six/results/2017-09-23
26/9/2017,2017,2,10,19,27,31,33,0,0,https://lottery.hk/en/mark-six/results/2017-09-26
28/9/2017,2017,7,18,24,26,39,45,"86,837,630",1,https://lottery.hk/en/mark-six/results/2017-09-28
30/9/2017,2017,2,11,19,20,33,49,0,0,https://lottery.hk/en/mark-six/results/2017-09-30
2/10/2017,2017,1,8,19,22,35,46,0,0,https://lottery.hk/en/mark-six/results/2017-10-02
4/10/2017,2017,10,16,22,23,26,46,0,0,https://lottery.hk/en/mark-six/results/2017-10-04
7/10/2017,2017,3,6,24,38,45,48,0,0,https://lottery.hk/en/mark-six/results/2017-10-07
10/10/2017,2017,6,17,22,26,32,45,0,0,https://lottery.hk/en/mark-six/results/2017-10-10
12/10/2017,2017,1,6,8,11,12,16,"17,493,650",2.5,https://lottery.hk/en/mark-six/results/2017-10-12
17/10/2017,2017,2,4,19,30,35,47,"8,000,000",1,https://lottery.hk/en/mark-six/results/2017-10-17
19/10/2017,2017,8,12,19,24,28,49,0,0,https://lottery.hk/en/mark-six/results/2017-10-19
21/10/2017,2017,8,16,18,30,43,45,0,0,https://lottery.hk/en/mark-six/results/2017-10-21
24/10/2017,2017,1,8,9,16,29,42,0,0,https://lottery.hk/en/mark-six/results/2017-10-24
26/10/2017,2017,4,5,20,29,35,38,"13,510,260",2,https://lottery.hk/en/mark-six/results/2017-10-26
28/10/2017,2017,7,16,18,22,26,44,0,0,https://lottery.hk/en/mark-six/results/2017-10-28
31/10/2017,2017,21,26,29,35,45,49,"29,141,590",2,https://lottery.hk/en/mark-six/results/2017-10-31
2/11/2017,2017,5,18,20,32,36,40,0,0,https://lottery.hk/en/mark-six/results/2017-11-02
4/11/2017,2017,23,30,32,33,43,44,"13,039,520",1,https://lottery.hk/en/mark-six/results/2017-11-04
7/11/2017,2017,3,18,19,35,38,40,0,0,https://lottery.hk/en/mark-six/results/2017-11-07
9/11/2017,2017,3,32,36,46,48,49,0,0,https://lottery.hk/en/mark-six/results/2017-11-09
12/11/2017,2017,12,16,22,28,36,37,"22,219,080",1,https://lottery.hk/en/mark-six/results/2017-11-12
14/11/2017,2017,1,15,20,28,33,43,0,0,https://lottery.hk/en/mark-six/results/2017-11-14
16/11/2017,2017,3,8,20,34,40,46,0,0,https://lottery.hk/en/mark-six/results/2017-11-16
18/11/2017,2017,19,24,26,30,36,41,0,0,https://lottery.hk/en/mark-six/results/2017-11-18
21/11/2017,2017,8,27,30,35,36,43,0,0,https://lottery.hk/en/mark-six/results/2017-11-21
23/11/2017,2017,3,4,30,37,39,42,0,0,https://lottery.hk/en/mark-six/results/2017-11-23
25/11/2017,2017,5,13,16,28,40,41,"53,133,200",1,https://lottery.hk/en/mark-six/results/2017-11-25
28/11/2017,2017,6,8,9,23,36,40,"8,000,000",1,https://lottery.hk/en/mark-six/results/2017-11-28
30/11/2017,2017,4,10,32,35,38,47,0,0,https://lottery.hk/en/mark-six/results/2017-11-30
2/12/2017,2017,7,14,19,27,28,38,0,0,https://lottery.hk/en/mark-six/results/2017-12-02
5/12/2017,2017,7,9,14,18,20,44,0,0,https://lottery.hk/en/mark-six/results/2017-12-05
7/12/2017,2017,1,25,34,37,39,47,0,0,https://lottery.hk/en/mark-six/results/2017-12-07
9/12/2017,2017,22,24,29,35,38,48,0,0,https://lottery.hk/en/mark-six/results/2017-12-09
12/12/2017,2017,4,15,29,34,38,48,0,0,https://lottery.hk/en/mark-six/results/2017-12-12
14/12/2017,2017,7,10,20,25,34,35,0,0,https://lottery.hk/en/mark-six/results/2017-12-14
16/12/2017,2017,1,3,6,9,24,28,"15,334,100",4.2,https://lottery.hk/en/mark-six/results/2017-12-16
19/12/2017,2017,3,9,33,38,44,49,0,0,https://lottery.hk/en/mark-six/results/2017-12-19
21/12/2017,2017,14,21,22,28,30,47,0,0,https://lottery.hk/en/mark-six/results/2017-12-21
24/12/2017,2017,1,16,26,34,39,47,"21,996,370",0.5,https://lottery.hk/en/mark-six/results/2017-12-24
26/12/2017,2017,2,7,16,28,30,37,0,0,https://lottery.hk/en/mark-six/results/2017-12-26
28/12/2017,2017,15,17,23,40,44,46,0,0,https://lottery.hk/en/mark-six/results/2017-12-28
30/12/2017,2017,1,13,22,25,36,38,0,0,https://lottery.hk/en/mark-six/results/2017-12-30
2/1/2018,2018,12,18,28,35,39,42,0,0,https://lottery.hk/en/mark-six/results/2018-01-02
6/1/2018,2018,1,12,21,31,36,49,0,0,https://lottery.hk/en/mark-six/results/2018-01-06
11/1/2018,2018,3,29,31,43,47,49,"133,929,720",0.5,https://lottery.hk/en/mark-six/results/2018-01-11
16/1/2018,2018,2,21,27,30,36,37,"95,877,600",0.5,https://lottery.hk/en/mark-six/results/2018-01-16
20/1/2018,2018,2,5,23,24,27,34,"65,555,960",1,https://lottery.hk/en/mark-six/results/2018-01-20
23/1/2018,2018,3,20,27,32,37,41,"8,000,000",1,https://lottery.hk/en/mark-six/results/2018-01-23
25/1/2018,2018,3,14,23,36,40,47,0,0,https://lottery.hk/en/mark-six/results/2018-01-25
27/1/2018,2018,8,17,26,33,43,45,0,0,https://lottery.hk/en/mark-six/results/2018-01-27
30/1/2018,2018,4,7,11,12,40,49,0,0,https://lottery.hk/en/mark-six/results/2018-01-30
1/2/2018,2018,20,23,26,29,47,49,0,0,https://lottery.hk/en/mark-six/results/2018-02-01
3/2/2018,2018,2,4,12,25,40,49,0,0,https://lottery.hk/en/mark-six/results/2018-02-03
6/2/2018,2018,3,19,26,28,35,48,"30,183,640",1.5,https://lottery.hk/en/mark-six/results/2018-02-06
8/2/2018,2018,13,16,22,28,37,41,0,0,https://lottery.hk/en/mark-six/results/2018-02-08
11/2/2018,2018,1,2,9,27,33,45,"13,798,280",1,https://lottery.hk/en/mark-six/results/2018-02-11
13/2/2018,2018,2,9,18,27,32,42,0,0,https://lottery.hk/en/mark-six/results/2018-02-13
15/2/2018,2018,1,19,21,32,43,45,0,0,https://lottery.hk/en/mark-six/results/2018-02-15
20/2/2018,2018,3,5,25,42,43,44,"66,777,930",1,https://lottery.hk/en/mark-six/results/2018-02-20
22/2/2018,2018,4,12,19,20,30,39,0,0,https://lottery.hk/en/mark-six/results/2018-02-22
24/2/2018,2018,17,20,34,38,42,45,0,0,https://lottery.hk/en/mark-six/results/2018-02-24
27/2/2018,2018,13,24,28,31,41,43,"22,968,230",0.5,https://lottery.hk/en/mark-six/results/2018-02-27
1/3/2018,2018,2,14,15,17,18,29,0,0,https://lottery.hk/en/mark-six/results/2018-03-01
4/3/2018,2018,6,10,11,23,28,43,"24,530,570",1,https://lottery.hk/en/mark-six/results/2018-03-04
6/3/2018,2018,2,11,17,19,35,37,0,0,https://lottery.hk/en/mark-six/results/2018-03-06
8/3/2018,2018,1,6,30,43,44,48,0,0,https://lottery.hk/en/mark-six/results/2018-03-08
10/3/2018,2018,7,18,19,26,27,39,"20,312,760",1,https://lottery.hk/en/mark-six/results/2018-03-10
13/3/2018,2018,5,16,20,25,34,42,0,0,https://lottery.hk/en/mark-six/results/2018-03-13
15/3/2018,2018,13,16,25,35,38,49,0,0,https://lottery.hk/en/mark-six/results/2018-03-15
17/3/2018,2018,4,6,23,33,40,47,0,0,https://lottery.hk/en/mark-six/results/2018-03-17
20/3/2018,2018,3,22,27,29,42,45,0,0,https://lottery.hk/en/mark-six/results/2018-03-20
22/3/2018,2018,10,18,21,29,33,46,0,0,https://lottery.hk/en/mark-six/results/2018-03-22
24/3/2018,2018,12,19,23,28,35,45,0,0,https://lottery.hk/en/mark-six/results/2018-03-24
29/3/2018,2018,5,12,24,27,30,47,"32,686,570",2,https://lottery.hk/en/mark-six/results/2018-03-29
31/3/2018,2018,9,13,16,18,19,34,0,0,https://lottery.hk/en/mark-six/results/2018-03-31
3/4/2018,2018,21,29,31,41,46,49,0,0,https://lottery.hk/en/mark-six/results/2018-04-03
5/4/2018,2018,19,24,29,39,40,42,"20,929,530",0.5,https://lottery.hk/en/mark-six/results/2018-04-05
7/4/2018,2018,4,20,23,27,31,43,0,0,https://lottery.hk/en/mark-six/results/2018-04-07
10/4/2018,2018,1,15,23,34,43,48,0,0,https://lottery.hk/en/mark-six/results/2018-04-10
12/4/2018,2018,1,2,9,11,37,41,0,0,https://lottery.hk/en/mark-six/results/2018-04-12
14/4/2018,2018,12,14,15,36,38,40,0,0,https://lottery.hk/en/mark-six/results/2018-04-14
17/4/2018,2018,3,8,16,22,28,32,"47,483,090",0.5,https://lottery.hk/en/mark-six/results/2018-04-17
19/4/2018,2018,20,21,33,40,45,49,"32,329,980",1,https://lottery.hk/en/mark-six/results/2018-04-19
22/4/2018,2018,10,14,28,30,42,44,"8,000,000",1,https://lottery.hk/en/mark-six/results/2018-04-22
24/4/2018,2018,12,20,21,28,33,41,0,0,https://lottery.hk/en/mark-six/results/2018-04-24
26/4/2018,2018,8,12,20,33,35,45,0,0,https://lottery.hk/en/mark-six/results/2018-04-26
28/4/2018,2018,2,15,17,18,21,44,0,0,https://lottery.hk/en/mark-six/results/2018-04-28
1/5/2018,2018,1,5,10,20,21,25,0,0,https://lottery.hk/en/mark-six/results/2018-05-01
3/5/2018,2018,12,24,30,31,32,34,"34,037,480",1,https://lottery.hk/en/mark-six/results/2018-05-03
5/5/2018,2018,3,24,40,44,45,49,"8,000,000",1,https://lottery.hk/en/mark-six/results/2018-05-05
8/5/2018,2018,3,14,18,28,31,40,"8,000,000",0.5,https://lottery.hk/en/mark-six/results/2018-05-08
10/5/2018,2018,12,19,25,31,36,49,0,0,https://lottery.hk/en/mark-six/results/2018-05-10
13/5/2018,2018,1,6,9,19,21,23,"4,279,170",3.5,https://lottery.hk/en/mark-six/results/2018-05-13
15/5/2018,2018,5,8,9,19,32,44,"8,000,000",1,https://lottery.hk/en/mark-six/results/2018-05-15
17/5/2018,2018,3,16,23,30,43,46,0,0,https://lottery.hk/en/mark-six/results/2018-05-17
19/5/2018,2018,14,23,29,36,37,47,0,0,https://lottery.hk/en/mark-six/results/2018-05-19
22/5/2018,2018,7,12,14,22,31,33,0,0,https://lottery.hk/en/mark-six/results/2018-05-22
24/5/2018,2018,4,5,7,11,12,13,"3,722,560",6.5,https://lottery.hk/en/mark-six/results/2018-05-24
26/5/2018,2018,1,12,22,40,42,44,0,0,https://lottery.hk/en/mark-six/results/2018-05-26
29/5/2018,2018,3,6,11,22,45,46,0,0,https://lottery.hk/en/mark-six/results/2018-05-29
31/5/2018,2018,3,5,28,33,40,49,"19,705,620",1,https://lottery.hk/en/mark-six/results/2018-05-31
2/6/2018,2018,4,15,30,33,38,41,0,0,https://lottery.hk/en/mark-six/results/2018-06-02
5/6/2018,2018,6,10,24,34,40,45,0,0,https://lottery.hk/en/mark-six/results/2018-06-05
7/6/2018,2018,5,32,34,36,38,43,"22,308,460",1,https://lottery.hk/en/mark-six/results/2018-06-07
9/6/2018,2018,11,23,35,41,46,49,0,0,https://lottery.hk/en/mark-six/results/2018-06-09
12/6/2018,2018,30,31,34,40,41,42,0,0,https://lottery.hk/en/mark-six/results/2018-06-12
14/6/2018,2018,2,10,24,28,35,39,"20,389,220",1,https://lottery.hk/en/mark-six/results/2018-06-14
17/6/2018,2018,1,7,20,21,35,48,"8,000,000",1,https://lottery.hk/en/mark-six/results/2018-06-17
19/6/2018,2018,2,7,21,31,33,42,"8,000,000",0,https://lottery.hk/en/mark-six/results/2018-06-19
21/6/2018,2018,16,23,24,31,33,34,"15,061,670",1,https://lottery.hk/en/mark-six/results/2018-06-21
23/6/2018,2018,2,9,16,18,24,46,"8,000,000",1,https://lottery.hk/en/mark-six/results/2018-06-23
26/6/2018,2018,7,8,12,17,33,42,"8,000,000",0,https://lottery.hk/en/mark-six/results/2018-06-26
28/6/2018,2018,6,13,23,29,38,45,"13,000,000",0,https://lottery.hk/en/mark-six/results/2018-06-28
30/6/2018,2018,5,6,16,18,30,32,"19,000,000",0,https://lottery.hk/en/mark-six/results/2018-06-30
3/7/2018,2018,3,21,22,41,45,49,"27,000,000",0,https://lottery.hk/en/mark-six/results/2018-07-03
5/7/2018,2018,1,13,20,34,38,40,"17,198,000",2,https://lottery.hk/en/mark-six/results/2018-07-05
7/7/2018,2018,8,17,20,26,40,46,"8,000,000",0,https://lottery.hk/en/mark-six/results/2018-07-07
10/7/2018,2018,6,8,29,38,41,49,"15,000,000",0,https://lottery.hk/en/mark-six/results/2018-07-10
12/7/2018,2018,1,5,7,8,30,33,"22,000,000",0,https://lottery.hk/en/mark-six/results/2018-07-12
14/7/2018,2018,7,13,22,27,33,36,"28,000,000",0,https://lottery.hk/en/mark-six/results/2018-07-14
17/7/2018,2018,6,10,32,36,41,48,"82,939,250",1,https://lottery.hk/en/mark-six/results/2018-07-17
19/7/2018,2018,12,16,23,25,40,42,"8,000,000",0,https://lottery.hk/en/mark-six/results/2018-07-19
21/7/2018,2018,13,14,15,37,38,44,"15,000,000",0,https://lottery.hk/en/mark-six/results/2018-07-21
24/7/2018,2018,2,16,17,27,32,37,"21,063,850",0.5,https://lottery.hk/en/mark-six/results/2018-07-24
26/7/2018,2018,22,32,37,44,46,49,"16,000,000",0,https://lottery.hk/en/mark-six/results/2018-07-26
28/7/2018,2018,5,7,11,26,30,43,"25,797,520",0.5,https://lottery.hk/en/mark-six/results/2018-07-28
31/7/2018,2018,24,27,36,43,44,46,"19,000,000",0,https://lottery.hk/en/mark-six/results/2018-07-31
2/8/2018,2018,3,5,11,34,35,45,"27,000,000",0,https://lottery.hk/en/mark-six/results/2018-08-02
4/8/2018,2018,4,15,23,34,37,48,"36,000,000",0,https://lottery.hk/en/mark-six/results/2018-08-04
7/8/2018,2018,4,21,25,39,46,47,"48,000,000",0,https://lottery.hk/en/mark-six/results/2018-08-07
9/8/2018,2018,8,10,11,20,21,34,"61,000,000",0,https://lottery.hk/en/mark-six/results/2018-08-09
11/8/2018,2018,1,11,25,38,47,49,"51,333,300",1.5,https://lottery.hk/en/mark-six/results/2018-08-11
14/8/2018,2018,32,37,38,42,43,49,"8,000,000",0,https://lottery.hk/en/mark-six/results/2018-08-14
16/8/2018,2018,9,13,16,27,29,41,"9,202,840",1.5,https://lottery.hk/en/mark-six/results/2018-08-16
18/8/2018,2018,2,14,24,37,42,47,"8,000,000",0,https://lottery.hk/en/mark-six/results/2018-08-18
21/8/2018,2018,3,10,18,28,40,47,"13,000,000",0,https://lottery.hk/en/mark-six/results/2018-08-21
23/8/2018,2018,12,14,22,30,38,44,"22,621,950",0.5,https://lottery.hk/en/mark-six/results/2018-08-23
25/8/2018,2018,3,4,19,28,31,48,"17,372,290",1,https://lottery.hk/en/mark-six/results/2018-08-25
28/8/2018,2018,9,18,26,30,36,46,"8,000,000",0,https://lottery.hk/en/mark-six/results/2018-08-28
30/8/2018,2018,4,15,21,23,44,46,"13,000,000",0,https://lottery.hk/en/mark-six/results/2018-08-30
1/9/2018,2018,10,13,20,26,35,45,"22,000,000",0,https://lottery.hk/en/mark-six/results/2018-09-01
4/9/2018,2018,4,5,33,36,44,47,"30,000,000",0,https://lottery.hk/en/mark-six/results/2018-09-04
6/9/2018,2018,17,26,30,33,38,49,"40,000,000",0,https://lottery.hk/en/mark-six/results/2018-09-06
8/9/2018,2018,7,9,12,18,41,46,"49,000,000",0,https://lottery.hk/en/mark-six/results/2018-09-08
11/9/2018,2018,31,36,38,45,47,49,"41,665,410",1.5,https://lottery.hk/en/mark-six/results/2018-09-11
13/9/2018,2018,14,20,22,39,41,48,"8,000,000",0,https://lottery.hk/en/mark-six/results/2018-09-13
15/9/2018,2018,4,6,11,33,37,48,"13,000,000",0,https://lottery.hk/en/mark-six/results/2018-09-15
18/9/2018,2018,9,11,18,23,32,48,"19,088,920",0.5,https://lottery.hk/en/mark-six/results/2018-09-18
20/9/2018,2018,5,6,17,26,40,41,"41,457,630",2,https://lottery.hk/en/mark-six/results/2018-09-20
23/9/2018,2018,2,13,21,23,32,40,"8,000,000",0,https://lottery.hk/en/mark-six/results/2018-09-23
25/9/2018,2018,5,14,20,22,24,48,"13,000,000",0,https://lottery.hk/en/mark-six/results/2018-09-25
27/9/2018,2018,14,17,30,46,48,49,"21,000,000",0,https://lottery.hk/en/mark-six/results/2018-09-27
29/9/2018,2018,9,31,34,35,37,38,"29,648,760",1,https://lottery.hk/en/mark-six/results/2018-09-29
2/10/2018,2018,13,18,23,28,33,49,"8,000,000",0.5,https://lottery.hk/en/mark-six/results/2018-10-02
4/10/2018,2018,13,19,34,35,45,46,"9,000,000",0,https://lottery.hk/en/mark-six/results/2018-10-04
6/10/2018,2018,2,10,35,39,44,49,"18,000,000",0,https://lottery.hk/en/mark-six/results/2018-10-06
9/10/2018,2018,7,9,18,27,44,45,"25,000,000",0,https://lottery.hk/en/mark-six/results/2018-10-09
11/10/2018,2018,7,9,19,29,39,42,"10,274,390",3,https://lottery.hk/en/mark-six/results/2018-10-11
14/10/2018,2018,8,14,21,24,34,43,"8,000,000",0,https://lottery.hk/en/mark-six/results/2018-10-14
16/10/2018,2018,7,11,19,32,45,46,"13,000,000",0,https://lottery.hk/en/mark-six/results/2018-10-16
20/10/2018,2018,10,13,22,25,40,42,"22,000,000",0,https://lottery.hk/en/mark-six/results/2018-10-20
23/10/2018,2018,6,17,20,34,36,44,"32,435,310",1,https://lottery.hk/en/mark-six/results/2018-10-23
25/10/2018,2018,6,13,20,25,27,29,"8,000,000",0,https://lottery.hk/en/mark-six/results/2018-10-25
27/10/2018,2018,1,5,15,39,45,47,"13,000,000",0,https://lottery.hk/en/mark-six/results/2018-10-27
30/10/2018,2018,4,7,10,22,34,42,"77,995,180",1,https://lottery.hk/en/mark-six/results/2018-10-30
1/11/2018,2018,9,13,15,16,20,32,"8,000,000",0,https://lottery.hk/en/mark-six/results/2018-11-01
3/11/2018,2018,4,19,24,38,39,44,"13,000,000",0,https://lottery.hk/en/mark-six/results/2018-11-03
6/11/2018,2018,1,8,22,23,46,47,"22,000,000",0,https://lottery.hk/en/mark-six/results/2018-11-06
8/11/2018,2018,9,16,22,24,40,47,"33,142,540",1,https://lottery.hk/en/mark-six/results/2018-11-08
11/11/2018,2018,6,24,26,36,44,49,"8,000,000",0,https://lottery.hk/en/mark-six/results/2018-11-11
13/11/2018,2018,8,22,30,34,35,37,"14,000,000",0,https://lottery.hk/en/mark-six/results/2018-11-13
15/11/2018,2018,2,10,29,32,40,41,"11,485,480",2,https://lottery.hk/en/mark-six/results/2018-11-15
17/11/2018,2018,5,9,12,14,42,43,"8,000,000",1,https://lottery.hk/en/mark-six/results/2018-11-17
20/11/2018,2018,4,12,14,17,29,35,"8,000,000",0,https://lottery.hk/en/mark-six/results/2018-11-20
22/11/2018,2018,15,16,18,22,26,48,"13,000,000",0,https://lottery.hk/en/mark-six/results/2018-11-22
24/11/2018,2018,3,8,13,25,30,34,"21,000,000",0,https://lottery.hk/en/mark-six/results/2018-11-24
27/11/2018,2018,7,8,15,27,29,38,"27,000,000",0,https://lottery.hk/en/mark-six/results/2018-11-27
29/11/2018,2018,14,25,31,34,36,43,"34,000,000",0,https://lottery.hk/en/mark-six/results/2018-11-29
1/12/2018,2018,2,20,29,32,38,39,"44,000,000",0,https://lottery.hk/en/mark-six/results/2018-12-01
4/12/2018,2018,8,11,14,20,22,31,"53,000,000",0,https://lottery.hk/en/mark-six/results/2018-12-04
6/12/2018,2018,8,20,32,40,44,46,"68,983,460",1,https://lottery.hk/en/mark-six/results/2018-12-06
8/12/2018,2018,20,27,29,40,45,48,"8,000,000",0,https://lottery.hk/en/mark-six/results/2018-12-08
11/12/2018,2018,7,8,10,20,33,42,"13,401,630",0.5,https://lottery.hk/en/mark-six/results/2018-12-11
13/12/2018,2018,1,15,21,23,24,33,"11,000,000",0,https://lottery.hk/en/mark-six/results/2018-12-13
15/12/2018,2018,5,10,30,33,36,37,"18,000,000",0,https://lottery.hk/en/mark-six/results/2018-12-15
18/12/2018,2018,1,10,11,13,30,33,"13,029,820",2,https://lottery.hk/en/mark-six/results/2018-12-18
20/12/2018,2018,4,7,8,12,13,26,"8,000,000",1,https://lottery.hk/en/mark-six/results/2018-12-20
22/12/2018,2018,7,20,33,46,48,49,"8,000,000",0,https://lottery.hk/en/mark-six/results/2018-12-22
25/12/2018,2018,2,14,16,32,41,47,"13,000,000",0,https://lottery.hk/en/mark-six/results/2018-12-25
27/12/2018,2018,1,4,17,22,23,35,"21,000,000",0,https://lottery.hk/en/mark-six/results/2018-12-27
30/12/2018,2018,6,7,13,33,35,46,"32,000,000",0,https://lottery.hk/en/mark-six/results/2018-12-30
3/1/2019,2019,8,23,25,30,32,45,"56,073,510",1.5,https://lottery.hk/en/mark-six/results/2019-01-03
5/1/2019,2019,12,13,16,19,23,45,"8,000,000",0,https://lottery.hk/en/mark-six/results/2019-01-05
8/1/2019,2019,4,5,12,23,30,40,"13,000,000",0,https://lottery.hk/en/mark-six/results/2019-01-08
10/1/2019,2019,6,7,28,31,36,43,"19,705,660",0.5,https://lottery.hk/en/mark-six/results/2019-01-10
13/1/2019,2019,10,18,35,37,48,49,"16,750,570",1,https://lottery.hk/en/mark-six/results/2019-01-13
15/1/2019,2019,10,16,17,33,44,48,"8,000,000",0,https://lottery.hk/en/mark-six/results/2019-01-15
17/1/2019,2019,16,18,28,35,36,41,"16,000,000",0,https://lottery.hk/en/mark-six/results/2019-01-17
19/1/2019,2019,13,24,31,34,44,47,"11,627,890",2,https://lottery.hk/en/mark-six/results/2019-01-19
22/1/2019,2019,3,19,25,30,33,48,"8,000,000",0,https://lottery.hk/en/mark-six/results/2019-01-22
24/1/2019,2019,11,18,33,41,43,46,"16,000,000",0,https://lottery.hk/en/mark-six/results/2019-01-24
26/1/2019,2019,14,27,29,41,45,46,"23,000,000",0,https://lottery.hk/en/mark-six/results/2019-01-26
29/1/2019,2019,3,10,14,24,32,45,"32,000,000",0,https://lottery.hk/en/mark-six/results/2019-01-29
31/1/2019,2019,18,22,26,31,33,41,"42,000,000",0,https://lottery.hk/en/mark-six/results/2019-01-31
3/2/2019,2019,5,6,13,19,34,35,"57,113,160",1,https://lottery.hk/en/mark-six/results/2019-02-03
6/2/2019,2019,2,4,11,15,19,29,"8,000,000",0,https://lottery.hk/en/mark-six/results/2019-02-06
9/2/2019,2019,1,19,29,34,39,49,"16,661,140",6,https://lottery.hk/en/mark-six/results/2019-02-09
12/2/2019,2019,9,17,26,31,32,40,"8,000,000",1,https://lottery.hk/en/mark-six/results/2019-02-12
14/2/2019,2019,5,8,16,20,43,46,"8,000,000",0,https://lottery.hk/en/mark-six/results/2019-02-14
16/2/2019,2019,3,7,8,17,19,23,"14,000,000",0,https://lottery.hk/en/mark-six/results/2019-02-16
19/2/2019,2019,2,5,8,13,16,33,"9,456,870",2,https://lottery.hk/en/mark-six/results/2019-02-19
21/2/2019,2019,16,29,36,39,42,49,"8,000,000",1,https://lottery.hk/en/mark-six/results/2019-02-21
23/2/2019,2019,13,14,15,21,33,49,"8,000,000",0,https://lottery.hk/en/mark-six/results/2019-02-23
26/2/2019,2019,9,12,13,19,21,46,"13,000,000",0,https://lottery.hk/en/mark-six/results/2019-02-26
28/2/2019,2019,22,24,25,30,32,43,"22,009,110",1,https://lottery.hk/en/mark-six/results/2019-02-28
3/3/2019,2019,21,24,26,35,44,47,"8,000,000",0,https://lottery.hk/en/mark-six/results/2019-03-03
5/3/2019,2019,10,16,28,32,34,49,"14,621,280",1,https://lottery.hk/en/mark-six/results/2019-03-05
7/3/2019,2019,8,15,17,23,39,44,"8,000,000",0.5,https://lottery.hk/en/mark-six/results/2019-03-07
9/3/2019,2019,13,32,34,35,41,46,"9,000,000",0,https://lottery.hk/en/mark-six/results/2019-03-09
12/3/2019,2019,6,21,27,33,38,47,"14,000,000",0,https://lottery.hk/en/mark-six/results/2019-03-12
14/3/2019,2019,4,10,25,28,40,43,"23,215,520",1,https://lottery.hk/en/mark-six/results/2019-03-14
16/3/2019,2019,5,9,12,23,31,43,"8,000,000",0,https://lottery.hk/en/mark-six/results/2019-03-16
19/3/2019,2019,4,18,23,38,40,46,"15,756,940",0.5,https://lottery.hk/en/mark-six/results/2019-03-19
21/3/2019,2019,7,12,22,32,37,45,"13,000,000",0,https://lottery.hk/en/mark-six/results/2019-03-21
23/3/2019,2019,10,11,15,39,46,49,"20,000,000",0,https://lottery.hk/en/mark-six/results/2019-03-23
26/3/2019,2019,2,3,10,21,31,35,"26,735,420",0.5,https://lottery.hk/en/mark-six/results/2019-03-26
28/3/2019,2019,3,5,17,23,41,44,"19,000,000",0,https://lottery.hk/en/mark-six/results/2019-03-28
30/3/2019,2019,15,17,18,37,39,49,"27,000,000",0,https://lottery.hk/en/mark-six/results/2019-03-30
2/4/2019,2019,6,10,15,21,24,28,"18,427,630",2,https://lottery.hk/en/mark-six/results/2019-04-02
4/4/2019,2019,29,34,38,42,44,47,"8,000,000",0,https://lottery.hk/en/mark-six/results/2019-04-04
6/4/2019,2019,8,21,34,37,41,45,"13,000,000",0,https://lottery.hk/en/mark-six/results/2019-04-06
9/4/2019,2019,3,14,17,23,32,43,"21,000,000",0,https://lottery.hk/en/mark-six/results/2019-04-09
11/4/2019,2019,6,18,32,38,41,45,"28,000,000",0,https://lottery.hk/en/mark-six/results/2019-04-11
13/4/2019,2019,3,15,22,35,40,49,"37,000,000",0,https://lottery.hk/en/mark-six/results/2019-04-13
16/4/2019,2019,11,20,30,32,33,43,"80,000,000",0,https://lottery.hk/en/mark-six/results/2019-04-16
20/4/2019,2019,28,30,32,37,39,47,"112,099,610",0.5,https://lottery.hk/en/mark-six/results/2019-04-20
25/4/2019,2019,11,13,18,21,28,34,"50,106,390",1.5,https://lottery.hk/en/mark-six/results/2019-04-25
27/4/2019,2019,2,8,14,21,32,35,"8,000,000",0,https://lottery.hk/en/mark-six/results/2019-04-27
30/4/2019,2019,1,29,32,43,45,49,"15,000,000",0,https://lottery.hk/en/mark-six/results/2019-04-30
2/5/2019,2019,1,6,19,23,45,47,"22,000,000",0,https://lottery.hk/en/mark-six/results/2019-05-02
4/5/2019,2019,6,13,19,20,24,35,"30,000,000",0,https://lottery.hk/en/mark-six/results/2019-05-04
7/5/2019,2019,6,12,35,39,42,44,"43,000,000",0,https://lottery.hk/en/mark-six/results/2019-05-07
9/5/2019,2019,3,4,5,24,29,32,"56,000,000",0,https://lottery.hk/en/mark-six/results/2019-05-09
14/5/2019,2019,10,12,14,30,37,41,"72,889,260",1,https://lottery.hk/en/mark-six/results/2019-05-14
16/5/2019,2019,1,4,7,23,37,38,"8,000,000",0,https://lottery.hk/en/mark-six/results/2019-05-16
19/5/2019,2019,1,2,9,16,30,41,"13,000,000",0,https://lottery.hk/en/mark-six/results/2019-05-19
21/5/2019,2019,4,7,21,24,35,41,"20,000,000",0,https://lottery.hk/en/mark-six/results/2019-05-21
23/5/2019,2019,11,13,14,17,33,43,"29,224,510",1,https://lottery.hk/en/mark-six/results/2019-05-23
25/5/2019,2019,12,14,23,30,40,48,"8,000,000",0,https://lottery.hk/en/mark-six/results/2019-05-25
28/5/2019,2019,22,29,37,42,45,49,"13,994,300",0.5,https://lottery.hk/en/mark-six/results/2019-05-28
30/5/2019,2019,12,15,16,31,36,46,"12,000,000",0,https://lottery.hk/en/mark-six/results/2019-05-30
1/6/2019,2019,3,13,19,23,35,43,"18,000,000",0,https://lottery.hk/en/mark-six/results/2019-06-01
4/6/2019,2019,16,21,24,28,37,40,"21,000,000",0,https://lottery.hk/en/mark-six/results/2019-06-04
6/6/2019,2019,6,13,21,24,32,47,"30,000,000",0,https://lottery.hk/en/mark-six/results/2019-06-06
9/6/2019,2019,3,8,24,27,28,49,"39,440,730",0.5,https://lottery.hk/en/mark-six/results/2019-06-09
11/6/2019,2019,8,19,20,21,25,37,"26,687,540",0.5,https://lottery.hk/en/mark-six/results/2019-06-11
13/6/2019,2019,3,6,21,31,33,38,"19,000,000",0,https://lottery.hk/en/mark-six/results/2019-06-13
15/6/2019,2019,7,8,17,30,42,44,"26,000,000",0,https://lottery.hk/en/mark-six/results/2019-06-15
18/6/2019,2019,18,23,26,29,35,48,"33,000,000",0,https://lottery.hk/en/mark-six/results/2019-06-18
20/6/2019,2019,9,11,15,21,25,33,"41,311,520",0.5,https://lottery.hk/en/mark-six/results/2019-06-20
22/6/2019,2019,13,29,30,33,43,47,"27,000,000",0,https://lottery.hk/en/mark-six/results/2019-06-22
25/6/2019,2019,23,25,29,32,40,46,"35,000,000",0,https://lottery.hk/en/mark-six/results/2019-06-25
27/6/2019,2019,12,20,33,42,46,47,"44,000,000",0,https://lottery.hk/en/mark-six/results/2019-06-27
29/6/2019,2019,9,13,22,29,31,46,"54,000,000",0,https://lottery.hk/en/mark-six/results/2019-06-29
2/7/2019,2019,13,14,15,42,45,48,"69,037,880",1,https://lottery.hk/en/mark-six/results/2019-07-02
4/7/2019,2019,1,2,12,15,24,44,"8,000,000",0,https://lottery.hk/en/mark-six/results/2019-07-04
6/7/2019,2019,7,8,10,11,28,42,"11,600,520",1,https://lottery.hk/en/mark-six/results/2019-07-06
9/7/2019,2019,3,5,20,31,39,42,"8,000,000",0,https://lottery.hk/en/mark-six/results/2019-07-09
11/7/2019,2019,3,6,26,27,32,49,"14,000,000",0,https://lottery.hk/en/mark-six/results/2019-07-11
13/7/2019,2019,12,14,32,35,38,46,"21,000,000",0,https://lottery.hk/en/mark-six/results/2019-07-13
16/7/2019,2019,6,16,22,28,37,45,"29,000,000",0,https://lottery.hk/en/mark-six/results/2019-07-16
18/7/2019,2019,2,4,8,11,17,31,"23,564,150",1.5,https://lottery.hk/en/mark-six/results/2019-07-18
20/7/2019,2019,26,27,30,33,44,47,"8,000,000",0,https://lottery.hk/en/mark-six/results/2019-07-20
23/7/2019,2019,14,19,25,38,39,42,"15,000,000",0,https://lottery.hk/en/mark-six/results/2019-07-23
25/7/2019,2019,7,10,11,16,18,35,"78,328,720",0.5,https://lottery.hk/en/mark-six/results/2019-07-25
27/7/2019,2019,4,14,19,24,39,45,"48,857,920",1,https://lottery.hk/en/mark-six/results/2019-07-27
30/7/2019,2019,3,16,19,22,41,44,"8,000,000",0,https://lottery.hk/en/mark-six/results/2019-07-30
1/8/2019,2019,13,18,20,21,43,49,"13,243,290",0.5,https://lottery.hk/en/mark-six/results/2019-08-01
3/8/2019,2019,23,24,27,28,37,43,"12,000,000",0,https://lottery.hk/en/mark-six/results/2019-08-03
6/8/2019,2019,5,6,15,21,22,37,"19,000,000",0,https://lottery.hk/en/mark-six/results/2019-08-06
8/8/2019,2019,8,9,19,25,30,44,"25,000,000",0,https://lottery.hk/en/mark-six/results/2019-08-08
10/8/2019,2019,15,22,42,44,48,49,"32,000,000",0,https://lottery.hk/en/mark-six/results/2019-08-10
13/8/2019,2019,10,14,16,29,30,43,"44,214,550",0.5,https://lottery.hk/en/mark-six/results/2019-08-13
15/8/2019,2019,2,13,23,35,38,46,"28,896,420",0.5,https://lottery.hk/en/mark-six/results/2019-08-15
17/8/2019,2019,4,9,20,26,32,44,"20,469,990",1,https://lottery.hk/en/mark-six/results/2019-08-17
20/8/2019,2019,12,15,16,23,32,35,"8,000,000",0,https://lottery.hk/en/mark-six/results/2019-08-20
22/8/2019,2019,1,4,5,6,42,43,"13,000,000",0,https://lottery.hk/en/mark-six/results/2019-08-22
24/8/2019,2019,1,10,21,31,47,49,"17,193,110",1,https://lottery.hk/en/mark-six/results/2019-08-24
27/8/2019,2019,6,18,29,33,43,46,"8,000,000",0,https://lottery.hk/en/mark-six/results/2019-08-27
29/8/2019,2019,8,24,26,37,38,44,"13,000,000",0,https://lottery.hk/en/mark-six/results/2019-08-29
31/8/2019,2019,1,6,14,24,32,44,"21,000,000",0,https://lottery.hk/en/mark-six/results/2019-08-31
3/9/2019,2019,2,8,17,24,27,39,"28,000,000",0,https://lottery.hk/en/mark-six/results/2019-09-03
5/9/2019,2019,3,4,18,29,41,44,"38,053,270",1,https://lottery.hk/en/mark-six/results/2019-09-05
7/9/2019,2019,7,8,12,25,43,45,"8,000,000",0,https://lottery.hk/en/mark-six/results/2019-09-07
10/9/2019,2019,11,12,13,28,43,49,"81,486,160",0.5,https://lottery.hk/en/mark-six/results/2019-09-10
12/9/2019,2019,5,23,24,25,31,33,"51,826,970",1,https://lottery.hk/en/mark-six/results/2019-09-12
14/9/2019,2019,1,4,7,12,19,28,"3,200,000",2.5,https://lottery.hk/en/mark-six/results/2019-09-14
17/9/2019,2019,12,20,22,26,30,36,"8,000,000",0,https://lottery.hk/en/mark-six/results/2019-09-17
19/9/2019,2019,8,17,34,39,42,44,"9,528,260",1.5,https://lottery.hk/en/mark-six/results/2019-09-19
22/9/2019,2019,3,28,39,40,42,44,"8,000,000",0,https://lottery.hk/en/mark-six/results/2019-09-22
24/9/2019,2019,6,17,44,45,46,49,"15,000,000",0,https://lottery.hk/en/mark-six/results/2019-09-24
26/9/2019,2019,2,3,11,20,27,46,"24,000,000",0,https://lottery.hk/en/mark-six/results/2019-09-26
29/9/2019,2019,2,3,7,10,18,48,"31,000,000",0,https://lottery.hk/en/mark-six/results/2019-09-29
3/10/2019,2019,1,12,13,15,19,45,"39,000,000",0,https://lottery.hk/en/mark-six/results/2019-10-03
8/10/2019,2019,13,23,35,36,43,47,"50,000,000",0,https://lottery.hk/en/mark-six/results/2019-10-08
13/10/2019,2019,10,16,27,29,37,42,"65,000,000",0,https://lottery.hk/en/mark-six/results/2019-10-13
17/10/2019,2019,14,18,19,21,45,47,"42,731,540",2,https://lottery.hk/en/mark-six/results/2019-10-17
19/10/2019,2019,1,6,19,22,42,44,"8,000,000",0,https://lottery.hk/en/mark-six/results/2019-10-19
22/10/2019,2019,1,6,11,31,41,47,"14,000,000",0,https://lottery.hk/en/mark-six/results/2019-10-22
24/10/2019,2019,7,10,16,23,27,34,"20,697,800",0.5,https://lottery.hk/en/mark-six/results/2019-10-24
26/10/2019,2019,1,17,24,30,40,49,"16,070,680",1,https://lottery.hk/en/mark-six/results/2019-10-26
29/10/2019,2019,2,10,13,19,20,24,"80,000,000",0,https://lottery.hk/en/mark-six/results/2019-10-29
2/11/2019,2019,13,15,25,30,40,46,"90,000,000",0,https://lottery.hk/en/mark-six/results/2019-11-02
7/11/2019,2019,7,20,30,33,34,44,"45,319,750",3,https://lottery.hk/en/mark-six/results/2019-11-07
10/11/2019,2019,6,17,18,23,31,46,"8,000,000",0,https://lottery.hk/en/mark-six/results/2019-11-10
14/11/2019,2019,2,3,13,18,31,49,"14,000,000",0,https://lottery.hk/en/mark-six/results/2019-11-14
16/11/2019,2019,10,23,28,39,44,47,"21,952,950",0.5,https://lottery.hk/en/mark-six/results/2019-11-16
19/11/2019,2019,1,4,12,13,24,42,"16,000,000",0,https://lottery.hk/en/mark-six/results/2019-11-19
21/11/2019,2019,3,4,5,10,35,38,"22,000,000",0,https://lottery.hk/en/mark-six/results/2019-11-21
24/11/2019,2019,1,20,28,30,35,46,"28,000,000",0,https://lottery.hk/en/mark-six/results/2019-11-24
26/11/2019,2019,5,9,15,25,42,45,"37,000,000",0,https://lottery.hk/en/mark-six/results/2019-11-26
28/11/2019,2019,22,23,29,36,41,44,"47,109,760",0.5,https://lottery.hk/en/mark-six/results/2019-11-28
30/11/2019,2019,1,10,18,24,40,49,"28,543,660",1,https://lottery.hk/en/mark-six/results/2019-11-30
3/12/2019,2019,1,15,23,29,45,47,"8,000,000",0,https://lottery.hk/en/mark-six/results/2019-12-03
5/12/2019,2019,2,6,8,16,23,31,"13,000,000",0,https://lottery.hk/en/mark-six/results/2019-12-05
7/12/2019,2019,14,25,26,30,32,47,"17,000,000",0,https://lottery.hk/en/mark-six/results/2019-12-07
10/12/2019,2019,5,6,11,12,28,35,"27,000,000",0,https://lottery.hk/en/mark-six/results/2019-12-10
12/12/2019,2019,6,21,32,35,39,49,"33,000,000",0,https://lottery.hk/en/mark-six/results/2019-12-12
14/12/2019,2019,2,4,6,8,28,29,"6,886,530",5.5,https://lottery.hk/en/mark-six/results/2019-12-14
17/12/2019,2019,3,20,23,30,34,41,"8,000,000",0,https://lottery.hk/en/mark-six/results/2019-12-17
19/12/2019,2019,22,24,28,31,35,39,"13,000,000",0,https://lottery.hk/en/mark-six/results/2019-12-19
22/12/2019,2019,11,22,24,26,41,42,"21,000,000",0,https://lottery.hk/en/mark-six/results/2019-12-22
24/12/2019,2019,5,11,14,23,30,32,"30,307,270",1,https://lottery.hk/en/mark-six/results/2019-12-24
28/12/2019,2019,1,22,25,27,31,36,"8,000,000",1,https://lottery.hk/en/mark-six/results/2019-12-28
31/12/2019,2019,5,10,18,20,28,33,"8,000,000",0,https://lottery.hk/en/mark-six/results/2019-12-31
2/1/2020,2020,15,17,29,30,34,37,"50,000,000",0,https://lottery.hk/en/mark-six/results/2020-01-02
7/1/2020,2020,1,24,25,27,31,37,"66,000,000",0,https://lottery.hk/en/mark-six/results/2020-01-07
12/1/2020,2020,5,17,35,37,42,49,"85,000,000",0,https://lottery.hk/en/mark-six/results/2020-01-12
16/1/2020,2020,2,20,24,30,32,46,"65,041,090",2,https://lottery.hk/en/mark-six/results/2020-01-16
18/1/2020,2020,18,29,32,33,36,40,"8,000,000",0,https://lottery.hk/en/mark-six/results/2020-01-18
21/1/2020,2020,11,14,21,28,37,44,"13,000,000",0,https://lottery.hk/en/mark-six/results/2020-01-21
23/1/2020,2020,2,11,13,45,46,49,"21,000,000",0,https://lottery.hk/en/mark-six/results/2020-01-23
1/2/2020,2020,3,5,30,31,43,48,"38,895,010",1.5,https://lottery.hk/en/mark-six/results/2020-02-01
24/9/2020,2020,11,24,26,35,42,44,"8,000,000",1,https://lottery.hk/en/mark-six/results/2020-09-24
29/9/2020,2020,9,21,26,27,28,48,"8,000,000",0,https://lottery.hk/en/mark-six/results/2020-09-29
8/10/2020,2020,21,28,33,34,40,47,"16,196,490",1,https://lottery.hk/en/mark-six/results/2020-10-08
15/10/2020,2020,9,26,28,33,38,46,"8,000,000",0,https://lottery.hk/en/mark-six/results/2020-10-15
22/10/2020,2020,1,13,19,24,29,45,"13,000,000",0,https://lottery.hk/en/mark-six/results/2020-10-22
29/10/2020,2020,6,11,33,38,40,43,"22,008,360",0.5,https://lottery.hk/en/mark-six/results/2020-10-29
6/11/2020,2020,11,17,35,36,38,40,"16,000,000",0,https://lottery.hk/en/mark-six/results/2020-11-06
10/11/2020,2020,13,15,25,28,45,49,"25,000,000",0,https://lottery.hk/en/mark-six/results/2020-11-10
13/11/2020,2020,6,15,17,18,28,47,"33,000,000",0,https://lottery.hk/en/mark-six/results/2020-11-13
17/11/2020,2020,13,19,20,21,33,49,"42,000,000",0,https://lottery.hk/en/mark-six/results/2020-11-17
20/11/2020,2020,22,25,30,33,34,43,"52,526,520",1,https://lottery.hk/en/mark-six/results/2020-11-20
24/11/2020,2020,7,12,16,22,45,47,"8,000,000",0,https://lottery.hk/en/mark-six/results/2020-11-24
27/11/2020,2020,5,12,13,23,27,38,"13,000,000",0,https://lottery.hk/en/mark-six/results/2020-11-27
1/12/2020,2020,24,27,29,31,42,47,"16,000,000",0,https://lottery.hk/en/mark-six/results/2020-12-01
4/12/2020,2020,11,13,19,38,39,41,"22,100,500",1,https://lottery.hk/en/mark-six/results/2020-12-04
8/12/2020,2020,7,32,34,35,48,49,"8,000,000",0,https://lottery.hk/en/mark-six/results/2020-12-08
11/12/2020,2020,1,11,23,29,41,46,"13,089,780",1,https://lottery.hk/en/mark-six/results/2020-12-11
15/12/2020,2020,2,11,13,20,21,33,"8,000,000",1,https://lottery.hk/en/mark-six/results/2020-12-15
18/12/2020,2020,8,11,12,23,34,49,"8,000,000",0,https://lottery.hk/en/mark-six/results/2020-12-18
22/12/2020,2020,11,20,36,37,39,48,"12,000,000",0,https://lottery.hk/en/mark-six/results/2020-12-22
25/12/2020,2020,14,18,24,27,28,41,"17,000,000",0,https://lottery.hk/en/mark-six/results/2020-12-25
29/12/2020,2020,10,11,24,39,41,42,"24,000,000",0,https://lottery.hk/en/mark-six/results/2020-12-29
2/1/2021,2021,3,9,14,21,45,46,"29,531,320",0.5,https://lottery.hk/en/mark-six/results/2021-01-02
5/1/2021,2021,22,24,30,36,38,46,"21,000,000",0,https://lottery.hk/en/mark-six/results/2021-01-05
8/1/2021,2021,5,19,29,32,33,34,"26,000,000",0,https://lottery.hk/en/mark-six/results/2021-01-08
12/1/2021,2021,5,19,22,26,35,40,"31,686,650",0.5,https://lottery.hk/en/mark-six/results/2021-01-12
15/1/2021,2021,4,24,39,41,42,45,"23,000,000",0,https://lottery.hk/en/mark-six/results/2021-01-15
19/1/2021,2021,14,21,22,38,40,45,"30,000,000",0,https://lottery.hk/en/mark-six/results/2021-01-19
22/1/2021,2021,15,16,18,21,24,31,"36,000,000",0,https://lottery.hk/en/mark-six/results/2021-01-22
26/1/2021,2021,5,9,16,21,44,49,"43,000,000",0,https://lottery.hk/en/mark-six/results/2021-01-26
29/1/2021,2021,2,10,30,31,35,46,"52,000,000",0,https://lottery.hk/en/mark-six/results/2021-01-29
2/2/2021,2021,18,21,24,26,30,35,"63,275,870",1,https://lottery.hk/en/mark-six/results/2021-02-02
5/2/2021,2021,10,16,22,40,44,45,"8,000,000",0.5,https://lottery.hk/en/mark-six/results/2021-02-05
9/2/2021,2021,1,2,16,20,31,38,"8,000,000",0,https://lottery.hk/en/mark-six/results/2021-02-09
12/2/2021,2021,6,25,31,36,41,47,"13,000,000",0,https://lottery.hk/en/mark-six/results/2021-02-12
16/2/2021,2021,3,13,28,30,31,45,"20,000,000",0,https://lottery.hk/en/mark-six/results/2021-02-16
19/2/2021,2021,4,5,13,14,25,44,"26,000,000",0,https://lottery.hk/en/mark-six/results/2021-02-19
23/2/2021,2021,2,14,18,28,34,44,"35,000,000",0,https://lottery.hk/en/mark-six/results/2021-02-23
26/2/2021,2021,14,17,35,37,39,46,"43,000,000",0,https://lottery.hk/en/mark-six/results/2021-02-26
2/3/2021,2021,6,15,16,21,27,28,"55,000,000",0,https://lottery.hk/en/mark-six/results/2021-03-02
5/3/2021,2021,1,23,32,38,43,46,"64,000,000",0,https://lottery.hk/en/mark-six/results/2021-03-05
12/3/2021,2021,16,17,21,24,43,47,"80,000,000",0,https://lottery.hk/en/mark-six/results/2021-03-12
19/3/2021,2021,3,8,9,14,23,25,"76,287,420",1.5,https://lottery.hk/en/mark-six/results/2021-03-19
23/3/2021,2021,11,14,16,19,38,41,"8,000,000",0,https://lottery.hk/en/mark-six/results/2021-03-23
26/3/2021,2021,6,12,24,26,30,43,"14,000,000",0,https://lottery.hk/en/mark-six/results/2021-03-26
30/3/2021,2021,24,26,36,37,41,43,"20,085,580",0.5,https://lottery.hk/en/mark-six/results/2021-03-30
2/4/2021,2021,1,2,33,34,42,49,"14,000,000",0,https://lottery.hk/en/mark-six/results/2021-04-02
6/4/2021,2021,4,7,8,20,22,41,"19,000,000",0,https://lottery.hk/en/mark-six/results/2021-04-06
9/4/2021,2021,7,9,12,13,14,16,"23,000,000",0,https://lottery.hk/en/mark-six/results/2021-04-09
13/4/2021,2021,7,10,13,14,20,35,"28,970,560",0.5,https://lottery.hk/en/mark-six/results/2021-04-13
16/4/2021,2021,5,6,17,23,29,38,"19,281,120",1,https://lottery.hk/en/mark-six/results/2021-04-16
20/4/2021,2021,12,32,40,42,48,49,"8,000,000",0,https://lottery.hk/en/mark-six/results/2021-04-20
23/4/2021,2021,15,18,20,23,31,47,"12,000,000",0,https://lottery.hk/en/mark-six/results/2021-04-23
27/4/2021,2021,2,13,15,19,38,41,"17,000,000",0,https://lottery.hk/en/mark-six/results/2021-04-27
30/4/2021,2021,7,9,29,33,36,49,"22,000,000",0,https://lottery.hk/en/mark-six/results/2021-04-30
4/5/2021,2021,8,9,10,19,38,45,"28,000,000",0,https://lottery.hk/en/mark-six/results/2021-05-04
7/5/2021,2021,5,8,22,26,40,41,"34,000,000",0,https://lottery.hk/en/mark-six/results/2021-05-07
11/5/2021,2021,15,22,30,31,35,45,"45,659,740",0.5,https://lottery.hk/en/mark-six/results/2021-05-11
14/5/2021,2021,5,14,28,29,31,37,"14,831,010",2,https://lottery.hk/en/mark-six/results/2021-05-14
18/5/2021,2021,2,9,26,34,35,36,"8,000,000",0,https://lottery.hk/en/mark-six/results/2021-05-18
21/5/2021,2021,8,14,31,37,44,47,"12,000,000",0,https://lottery.hk/en/mark-six/results/2021-05-21
25/5/2021,2021,1,7,19,22,27,49,"19,807,490",0.5,https://lottery.hk/en/mark-six/results/2021-05-25
28/5/2021,2021,5,12,30,43,44,45,"14,000,000",0,https://lottery.hk/en/mark-six/results/2021-05-28
1/6/2021,2021,1,6,16,28,33,36,"23,000,000",0,https://lottery.hk/en/mark-six/results/2021-06-01
4/6/2021,2021,2,6,16,22,34,49,"28,000,000",0,https://lottery.hk/en/mark-six/results/2021-06-04
8/6/2021,2021,7,13,21,24,28,30,"38,000,000",0,https://lottery.hk/en/mark-six/results/2021-06-08
11/6/2021,2021,2,3,15,29,41,43,"46,000,000",0,https://lottery.hk/en/mark-six/results/2021-06-11
15/6/2021,2021,3,11,13,22,44,45,"60,968,530",0.5,https://lottery.hk/en/mark-six/results/2021-06-15
17/6/2021,2021,1,25,31,34,42,48,"37,883,790",1,https://lottery.hk/en/mark-six/results/2021-06-17
19/6/2021,2021,4,15,17,32,38,43,"8,000,000",0,https://lottery.hk/en/mark-six/results/2021-06-19
22/6/2021,2021,1,5,7,24,26,30,"13,000,000",0,https://lottery.hk/en/mark-six/results/2021-06-22
24/6/2021,2021,4,11,14,21,38,48,"17,000,000",0,https://lottery.hk/en/mark-six/results/2021-06-24
27/6/2021,2021,2,7,11,27,37,42,"26,050,660",1,https://lottery.hk/en/mark-six/results/2021-06-27
29/6/2021,2021,10,16,24,39,44,47,"8,000,000",0,https://lottery.hk/en/mark-six/results/2021-06-29
3/7/2021,2021,7,9,24,29,37,48,"13,120,260",1,https://lottery.hk/en/mark-six/results/2021-07-03
6/7/2021,2021,2,6,15,16,26,34,"8,000,000",0,https://lottery.hk/en/mark-six/results/2021-07-06
8/7/2021,2021,7,9,13,27,39,43,"12,000,000",0,https://lottery.hk/en/mark-six/results/2021-07-08
10/7/2021,2021,25,28,34,37,40,49,"18,000,000",0,https://lottery.hk/en/mark-six/results/2021-07-10
13/7/2021,2021,9,13,21,35,38,48,"24,000,000",0,https://lottery.hk/en/mark-six/results/2021-07-13
15/7/2021,2021,6,19,22,23,28,49,"31,000,000",0,https://lottery.hk/en/mark-six/results/2021-07-15
17/7/2021,2021,1,6,16,30,32,47,"42,438,580",1,https://lottery.hk/en/mark-six/results/2021-07-17
20/7/2021,2021,2,7,15,19,31,49,"8,000,000",0,https://lottery.hk/en/mark-six/results/2021-07-20
22/7/2021,2021,2,3,4,5,8,23,"2,362,510",3.5,https://lottery.hk/en/mark-six/results/2021-07-22
24/7/2021,2021,11,12,25,27,28,34,"5,333,330",1.5,https://lottery.hk/en/mark-six/results/2021-07-24
27/7/2021,2021,8,11,19,22,29,44,"8,000,000",0,https://lottery.hk/en/mark-six/results/2021-07-27
1/8/2021,2021,1,4,9,21,36,42,"33,424,220",1.5,https://lottery.hk/en/mark-six/results/2021-08-01
3/8/2021,2021,10,13,15,29,31,39,"8,000,000",0,https://lottery.hk/en/mark-six/results/2021-08-03
5/8/2021,2021,10,17,19,25,36,39,"12,000,000",0,https://lottery.hk/en/mark-six/results/2021-08-05
7/8/2021,2021,13,14,26,34,35,44,"19,000,000",0,https://lottery.hk/en/mark-six/results/2021-08-07
10/8/2021,2021,4,12,14,17,22,32,"25,000,000",0,https://lottery.hk/en/mark-six/results/2021-08-10
12/8/2021,2021,20,21,30,34,36,37,"32,000,000",0,https://lottery.hk/en/mark-six/results/2021-08-12
14/8/2021,2021,11,12,19,38,39,41,"41,000,000",0,https://lottery.hk/en/mark-six/results/2021-08-14
19/8/2021,2021,4,26,28,31,32,33,"48,000,000",0,https://lottery.hk/en/mark-six/results/2021-08-19
21/8/2021,2021,2,5,18,21,42,48,"61,000,000",0,https://lottery.hk/en/mark-six/results/2021-08-21
26/8/2021,2021,5,10,17,30,43,44,"91,247,640",1,https://lottery.hk/en/mark-six/results/2021-08-26
28/8/2021,2021,2,14,15,16,33,45,"8,000,000",0,https://lottery.hk/en/mark-six/results/2021-08-28
31/8/2021,2021,1,12,23,29,45,46,"14,105,370",1,https://lottery.hk/en/mark-six/results/2021-08-31
2/9/2021,2021,10,28,39,45,48,49,"8,000,000",0,https://lottery.hk/en/mark-six/results/2021-09-02
4/9/2021,2021,5,8,29,31,32,36,"12,000,000",0,https://lottery.hk/en/mark-six/results/2021-09-04
7/9/2021,2021,2,7,21,23,27,36,"19,000,000",0,https://lottery.hk/en/mark-six/results/2021-09-07
9/9/2021,2021,7,22,24,31,33,37,"27,672,260",0.5,https://lottery.hk/en/mark-six/results/2021-09-09
11/9/2021,2021,12,26,31,37,38,44,"20,000,000",0,https://lottery.hk/en/mark-six/results/2021-09-11
14/9/2021,2021,7,8,32,33,39,49,"9,629,500",3,https://lottery.hk/en/mark-six/results/2021-09-14
16/9/2021,2021,1,6,11,20,32,35,"8,000,000",0,https://lottery.hk/en/mark-six/results/2021-09-16
21/9/2021,2021,14,15,25,26,32,45,"85,976,090",1,https://lottery.hk/en/mark-six/results/2021-09-21
23/9/2021,2021,2,4,10,17,38,41,"8,000,000",0,https://lottery.hk/en/mark-six/results/2021-09-23
25/9/2021,2021,15,18,32,43,45,47,"14,000,000",0,https://lottery.hk/en/mark-six/results/2021-09-25
28/9/2021,2021,2,23,31,38,43,45,"21,000,000",0,https://lottery.hk/en/mark-six/results/2021-09-28
30/9/2021,2021,2,3,11,20,24,47,"32,000,000",0,https://lottery.hk/en/mark-six/results/2021-09-30
2/10/2021,2021,6,12,19,31,47,48,"43,856,210",1,https://lottery.hk/en/mark-six/results/2021-10-02
5/10/2021,2021,19,20,26,29,32,48,"8,000,000",0,https://lottery.hk/en/mark-six/results/2021-10-05
7/10/2021,2021,8,11,19,21,24,47,"12,000,000",0,https://lottery.hk/en/mark-six/results/2021-10-07
14/10/2021,2021,2,6,9,27,43,45,"18,000,000",0,https://lottery.hk/en/mark-six/results/2021-10-14
16/10/2021,2021,3,14,16,23,38,46,"31,002,850",0.5,https://lottery.hk/en/mark-six/results/2021-10-16
19/10/2021,2021,7,13,15,19,24,37,"22,000,000",0,https://lottery.hk/en/mark-six/results/2021-10-19
21/10/2021,2021,6,9,11,13,15,47,"28,000,000",0,https://lottery.hk/en/mark-six/results/2021-10-21
26/10/2021,2021,9,14,23,28,34,48,"83,352,030",1,https://lottery.hk/en/mark-six/results/2021-10-26
28/10/2021,2021,1,5,17,26,34,48,"8,000,000",0,https://lottery.hk/en/mark-six/results/2021-10-28
30/10/2021,2021,3,14,37,41,42,45,"14,000,000",0,https://lottery.hk/en/mark-six/results/2021-10-30
2/11/2021,2021,4,5,24,33,44,49,"21,000,000",0,https://lottery.hk/en/mark-six/results/2021-11-02
4/11/2021,2021,3,22,30,32,40,43,"33,197,770",1,https://lottery.hk/en/mark-six/results/2021-11-04
6/11/2021,2021,13,15,40,41,42,49,"8,000,000",0,https://lottery.hk/en/mark-six/results/2021-11-06
9/11/2021,2021,3,11,15,25,30,45,"14,061,490",0.5,https://lottery.hk/en/mark-six/results/2021-11-09
11/11/2021,2021,10,13,31,37,40,46,"11,000,000",0,https://lottery.hk/en/mark-six/results/2021-11-11
14/11/2021,2021,1,11,15,21,24,28,"17,000,000",0,https://lottery.hk/en/mark-six/results/2021-11-14
16/11/2021,2021,9,13,25,27,33,36,"23,567,110",1,https://lottery.hk/en/mark-six/results/2021-11-16
18/11/2021,2021,2,16,23,25,29,38,"8,000,000",0,https://lottery.hk/en/mark-six/results/2021-11-18
20/11/2021,2021,18,19,24,38,39,42,"12,000,000",0,https://lottery.hk/en/mark-six/results/2021-11-20
23/11/2021,2021,2,6,11,22,34,38,"20,000,000",0,https://lottery.hk/en/mark-six/results/2021-11-23
25/11/2021,2021,10,28,36,39,47,48,"27,999,870",0.5,https://lottery.hk/en/mark-six/results/2021-11-25
27/11/2021,2021,2,14,30,41,42,44,"18,000,000",0,https://lottery.hk/en/mark-six/results/2021-11-27
30/11/2021,2021,1,17,22,26,38,44,"25,000,000",0,https://lottery.hk/en/mark-six/results/2021-11-30
2/12/2021,2021,3,21,26,36,38,49,"34,648,060",0.5,https://lottery.hk/en/mark-six/results/2021-12-02
4/12/2021,2021,1,21,24,29,44,46,"22,000,000",0,https://lottery.hk/en/mark-six/results/2021-12-04
7/12/2021,2021,4,13,19,21,35,43,"35,204,920",1,https://lottery.hk/en/mark-six/results/2021-12-07
9/12/2021,2021,4,7,9,13,15,43,"8,000,000",0,https://lottery.hk/en/mark-six/results/2021-12-09
11/12/2021,2021,7,21,34,35,42,48,"12,000,000",0,https://lottery.hk/en/mark-six/results/2021-12-11
14/12/2021,2021,7,24,29,36,41,43,"19,000,000",0,https://lottery.hk/en/mark-six/results/2021-12-14
16/12/2021,2021,5,6,19,43,47,49,"26,000,000",0,https://lottery.hk/en/mark-six/results/2021-12-16
19/12/2021,2021,12,20,21,26,33,42,"33,000,000",0,https://lottery.hk/en/mark-six/results/2021-12-19
21/12/2021,2021,11,12,16,32,43,44,"41,000,000",0,https://lottery.hk/en/mark-six/results/2021-12-21
23/12/2021,2021,3,9,11,17,22,44,"35,231,080",1.5,https://lottery.hk/en/mark-six/results/2021-12-23
25/12/2021,2021,8,11,20,30,35,40,"8,000,000",0,https://lottery.hk/en/mark-six/results/2021-12-25
28/12/2021,2021,21,25,30,33,36,49,"12,000,000",0,https://lottery.hk/en/mark-six/results/2021-12-28
30/12/2021,2021,20,21,22,29,34,35,"19,000,000",0,https://lottery.hk/en/mark-six/results/2021-12-30
4/1/2022,2022,2,8,12,14,20,47,"80,000,000",0,https://lottery.hk/en/mark-six/results/2022-01-04
20/1/2022,2022,1,3,10,11,30,42,"17,446,020",7,https://lottery.hk/en/mark-six/results/2022-01-20
27/1/2022,2022,10,18,20,29,32,33,"8,000,000",0,https://lottery.hk/en/mark-six/results/2022-01-27
5/2/2022,2022,15,18,21,25,39,43,0,0,https://lottery.hk/en/mark-six/results/2022-02-05
10/2/2022,2022,6,13,17,28,35,44,"21,313,080",1,https://lottery.hk/en/mark-six/results/2022-02-10
17/2/2022,2022,6,7,22,34,35,46,"8,000,000",0,https://lottery.hk/en/mark-six/results/2022-02-17
24/2/2022,2022,2,9,11,12,16,24,"9,812,450",1,https://lottery.hk/en/mark-six/results/2022-02-24
3/3/2022,2022,12,19,21,22,40,43,"8,000,000",0,https://lottery.hk/en/mark-six/results/2022-03-03
8/3/2022,2022,1,5,23,42,46,49,"13,000,000",0,https://lottery.hk/en/mark-six/results/2022-03-08
11/3/2022,2022,11,20,23,29,38,47,"20,000,000",0,https://lottery.hk/en/mark-six/results/2022-03-11
15/3/2022,2022,3,10,12,28,39,48,"24,354,680",0.5,https://lottery.hk/en/mark-six/results/2022-03-15
18/3/2022,2022,12,18,22,30,40,49,"16,443,330",0.5,https://lottery.hk/en/mark-six/results/2022-03-18
22/3/2022,2022,6,28,32,33,40,45,"12,000,000",0,https://lottery.hk/en/mark-six/results/2022-03-22
25/3/2022,2022,15,20,26,28,29,46,"19,936,240",1,https://lottery.hk/en/mark-six/results/2022-03-25
29/3/2022,2022,8,18,21,35,37,38,"8,000,000",0,https://lottery.hk/en/mark-six/results/2022-03-29
1/4/2022,2022,4,8,21,40,46,49,"13,000,000",0,https://lottery.hk/en/mark-six/results/2022-04-01
5/4/2022,2022,9,11,12,22,29,42,"18,025,780",0.5,https://lottery.hk/en/mark-six/results/2022-04-05
8/4/2022,2022,10,20,36,38,43,48,"13,000,000",0,https://lottery.hk/en/mark-six/results/2022-04-08
12/4/2022,2022,8,11,12,20,26,30,"15,542,020",0.5,https://lottery.hk/en/mark-six/results/2022-04-12
15/4/2022,2022,21,25,30,36,37,47,"12,686,100",0.5,https://lottery.hk/en/mark-six/results/2022-04-15
19/4/2022,2022,12,23,28,34,39,46,"9,000,000",0,https://lottery.hk/en/mark-six/results/2022-04-19
22/4/2022,2022,8,11,15,19,34,37,"16,000,000",0,https://lottery.hk/en/mark-six/results/2022-04-22
26/4/2022,2022,9,23,30,32,34,40,"21,000,000",0,https://lottery.hk/en/mark-six/results/2022-04-26
29/4/2022,2022,1,7,16,28,31,48,"29,000,000",0,https://lottery.hk/en/mark-six/results/2022-04-29
3/5/2022,2022,3,8,11,15,18,40,"34,000,000",0,https://lottery.hk/en/mark-six/results/2022-05-03
6/5/2022,2022,2,15,41,42,44,46,"42,745,410",1,https://lottery.hk/en/mark-six/results/2022-05-06
10/5/2022,2022,12,14,19,39,41,48,"8,000,000",0,https://lottery.hk/en/mark-six/results/2022-05-10
13/5/2022,2022,1,5,10,22,30,34,"12,146,300",1,https://lottery.hk/en/mark-six/results/2022-05-13
17/5/2022,2022,4,7,29,35,40,46,"8,000,000",0,https://lottery.hk/en/mark-six/results/2022-05-17
20/5/2022,2022,27,30,36,38,45,46,"12,000,000",0,https://lottery.hk/en/mark-six/results/2022-05-20
24/5/2022,2022,5,7,8,17,47,49,"19,000,000",0,https://lottery.hk/en/mark-six/results/2022-05-24
27/5/2022,2022,1,17,25,29,42,46,"24,000,000",0,https://lottery.hk/en/mark-six/results/2022-05-27
31/5/2022,2022,2,13,35,39,43,48,"25,632,360",1.5,https://lottery.hk/en/mark-six/results/2022-05-31
3/6/2022,2022,1,27,32,35,38,44,"8,000,000",0,https://lottery.hk/en/mark-six/results/2022-06-03
7/6/2022,2022,9,16,21,35,47,48,"12,000,000",0,https://lottery.hk/en/mark-six/results/2022-06-07
10/6/2022,2022,11,17,24,26,37,41,"20,000,000",0,https://lottery.hk/en/mark-six/results/2022-06-10
14/6/2022,2022,7,16,21,30,34,38,"28,000,000",0,https://lottery.hk/en/mark-six/results/2022-06-14
17/6/2022,2022,9,17,24,27,33,39,"19,797,720",2,https://lottery.hk/en/mark-six/results/2022-06-17
21/6/2022,2022,2,15,20,30,47,48,"8,000,000",0,https://lottery.hk/en/mark-six/results/2022-06-21
27/6/2022,2022,1,13,19,26,29,37,"58,730,450",1.5,https://lottery.hk/en/mark-six/results/2022-06-27
3/7/2022,2022,19,21,23,26,37,39,"8,000,000",1,https://lottery.hk/en/mark-six/results/2022-07-03
5/7/2022,2022,9,30,31,32,37,40,"8,000,000",0,https://lottery.hk/en/mark-six/results/2022-07-05
8/7/2022,2022,7,10,28,30,32,36,"12,000,000",0,https://lottery.hk/en/mark-six/results/2022-07-08
12/7/2022,2022,4,13,22,27,43,47,"20,000,000",0,https://lottery.hk/en/mark-six/results/2022-07-12
15/7/2022,2022,19,20,25,29,46,47,"29,000,000",0,https://lottery.hk/en/mark-six/results/2022-07-15
22/7/2022,2022,5,12,21,30,34,38,"47,333,350",1,https://lottery.hk/en/mark-six/results/2022-07-22
26/7/2022,2022,6,14,23,31,38,48,"8,000,000",0,https://lottery.hk/en/mark-six/results/2022-07-26
28/7/2022,2022,8,13,16,21,23,49,"12,000,000",0,https://lottery.hk/en/mark-six/results/2022-07-28
30/7/2022,2022,21,25,34,37,41,46,"21,531,600",1,https://lottery.hk/en/mark-six/results/2022-07-30
2/8/2022,2022,4,8,9,11,42,46,"8,000,000",0,https://lottery.hk/en/mark-six/results/2022-08-02
4/8/2022,2022,13,24,30,35,36,39,"13,000,000",0,https://lottery.hk/en/mark-six/results/2022-08-04
9/8/2022,2022,1,12,25,28,36,46,"18,489,150",3,https://lottery.hk/en/mark-six/results/2022-08-09
11/8/2022,2022,7,12,22,26,43,49,"8,000,000",0,https://lottery.hk/en/mark-six/results/2022-08-11
13/8/2022,2022,6,22,25,33,38,47,"13,000,000",0,https://lottery.hk/en/mark-six/results/2022-08-13
16/8/2022,2022,7,20,31,35,41,47,"24,301,130",0.5,https://lottery.hk/en/mark-six/results/2022-08-16
18/8/2022,2022,2,8,19,21,24,47,"19,987,420",0.5,https://lottery.hk/en/mark-six/results/2022-08-18
20/8/2022,2022,8,17,19,28,31,35,"13,000,000",0,https://lottery.hk/en/mark-six/results/2022-08-20
23/8/2022,2022,4,8,9,10,30,42,"20,000,000",0,https://lottery.hk/en/mark-six/results/2022-08-23
25/8/2022,2022,16,19,32,33,42,46,"18,078,230",1.5,https://lottery.hk/en/mark-six/results/2022-08-25
27/8/2022,2022,12,22,34,35,39,45,"8,000,000",1,https://lottery.hk/en/mark-six/results/2022-08-27
30/8/2022,2022,7,8,9,17,24,25,"8,000,000",1,https://lottery.hk/en/mark-six/results/2022-08-30
1/9/2022,2022,23,24,30,31,45,46,"8,000,000",0,https://lottery.hk/en/mark-six/results/2022-09-01
3/9/2022,2022,2,8,12,19,35,45,"12,000,000",0,https://lottery.hk/en/mark-six/results/2022-09-03
6/9/2022,2022,14,22,35,37,42,46,"17,000,000",0,https://lottery.hk/en/mark-six/results/2022-09-06
8/9/2022,2022,8,14,15,20,41,44,"24,000,000",0,https://lottery.hk/en/mark-six/results/2022-09-08
13/9/2022,2022,2,4,20,38,40,46,"29,226,960",3,https://lottery.hk/en/mark-six/results/2022-09-13
15/9/2022,2022,21,23,29,30,33,49,"8,000,000",0,https://lottery.hk/en/mark-six/results/2022-09-15
17/9/2022,2022,5,17,22,24,34,38,"12,000,000",0,https://lottery.hk/en/mark-six/results/2022-09-17
20/9/2022,2022,4,7,14,18,27,31,"17,000,000",0,https://lottery.hk/en/mark-six/results/2022-09-20
22/9/2022,2022,8,11,31,32,33,36,"24,000,000",0,https://lottery.hk/en/mark-six/results/2022-09-22
24/9/2022,2022,4,6,10,27,29,46,"34,648,370",1,https://lottery.hk/en/mark-six/results/2022-09-24
27/9/2022,2022,2,18,29,30,32,47,"8,000,000",1,https://lottery.hk/en/mark-six/results/2022-09-27
29/9/2022,2022,6,8,18,36,37,44,"8,000,000",1,https://lottery.hk/en/mark-six/results/2022-09-29
2/10/2022,2022,1,7,11,24,27,38,"8,000,000",0,https://lottery.hk/en/mark-six/results/2022-10-02
4/10/2022,2022,7,8,12,13,26,43,"11,440,530",0.5,https://lottery.hk/en/mark-six/results/2022-10-04
6/10/2022,2022,4,11,21,28,31,47,"10,454,840",0.5,https://lottery.hk/en/mark-six/results/2022-10-06
8/10/2022,2022,7,11,28,31,43,48,"10,556,950",1,https://lottery.hk/en/mark-six/results/2022-10-08
11/10/2022,2022,1,5,10,25,36,47,"8,000,000",0,https://lottery.hk/en/mark-six/results/2022-10-11
13/10/2022,2022,1,10,14,38,47,48,"12,000,000",0,https://lottery.hk/en/mark-six/results/2022-10-13
15/10/2022,2022,18,21,25,28,38,44,"21,000,000",0,https://lottery.hk/en/mark-six/results/2022-10-15
18/10/2022,2022,7,25,26,39,44,45,"28,000,000",0,https://lottery.hk/en/mark-six/results/2022-10-18
20/10/2022,2022,20,24,27,31,32,49,"37,000,000",0,https://lottery.hk/en/mark-six/results/2022-10-20
22/10/2022,2022,12,15,16,42,44,45,"46,000,000",0,https://lottery.hk/en/mark-six/results/2022-10-22
25/10/2022,2022,27,28,30,34,35,48,"67,977,820",0.5,https://lottery.hk/en/mark-six/results/2022-10-25
29/10/2022,2022,4,5,12,15,28,29,"52,210,140",1,https://lottery.hk/en/mark-six/results/2022-10-29
1/11/2022,2022,2,12,14,32,41,46,"8,000,000",0,https://lottery.hk/en/mark-six/results/2022-11-01
3/11/2022,2022,10,13,19,21,27,49,"13,000,000",0,https://lottery.hk/en/mark-six/results/2022-11-03
5/11/2022,2022,7,11,22,23,28,32,"19,627,440",1,https://lottery.hk/en/mark-six/results/2022-11-05
8/11/2022,2022,10,20,27,32,38,46,"8,000,000",0,https://lottery.hk/en/mark-six/results/2022-11-08
10/11/2022,2022,11,12,14,18,29,30,"13,000,000",0,https://lottery.hk/en/mark-six/results/2022-11-10
13/11/2022,2022,5,12,18,19,26,33,"19,971,910",1,https://lottery.hk/en/mark-six/results/2022-11-13
15/11/2022,2022,17,18,32,38,44,49,"8,000,000",0,https://lottery.hk/en/mark-six/results/2022-11-15
17/11/2022,2022,1,9,27,32,33,35,"6,965,150",2,https://lottery.hk/en/mark-six/results/2022-11-17
19/11/2022,2022,6,11,27,39,46,47,"8,000,000",0,https://lottery.hk/en/mark-six/results/2022-11-19
22/11/2022,2022,6,10,11,13,32,46,"13,000,000",0,https://lottery.hk/en/mark-six/results/2022-11-22
24/11/2022,2022,3,12,14,19,25,28,"19,644,220",1,https://lottery.hk/en/mark-six/results/2022-11-24
26/11/2022,2022,14,25,28,29,43,44,"8,000,000",0,https://lottery.hk/en/mark-six/results/2022-11-26
29/11/2022,2022,12,18,22,28,31,40,"12,879,910",1,https://lottery.hk/en/mark-six/results/2022-11-29
1/12/2022,2022,14,18,27,32,39,42,"8,000,000",0,https://lottery.hk/en/mark-six/results/2022-12-01
3/12/2022,2022,2,15,31,34,38,41,"13,780,810",0.5,https://lottery.hk/en/mark-six/results/2022-12-03
6/12/2022,2022,6,11,17,30,44,46,"10,000,000",0,https://lottery.hk/en/mark-six/results/2022-12-06
8/12/2022,2022,17,19,35,39,44,46,"18,752,260",0.5,https://lottery.hk/en/mark-six/results/2022-12-08
10/12/2022,2022,6,12,20,25,39,49,"13,000,000",0,https://lottery.hk/en/mark-six/results/2022-12-10
13/12/2022,2022,12,38,39,40,45,49,"19,000,000",0,https://lottery.hk/en/mark-six/results/2022-12-13
15/12/2022,2022,5,7,18,26,31,45,"28,000,000",0,https://lottery.hk/en/mark-six/results/2022-12-15
17/12/2022,2022,6,14,15,26,35,40,"34,000,000",0,https://lottery.hk/en/mark-six/results/2022-12-17
20/12/2022,2022,28,36,37,38,41,45,"43,000,000",0,https://lottery.hk/en/mark-six/results/2022-12-20
22/12/2022,2022,16,18,19,33,41,46,"59,781,380",1,https://lottery.hk/en/mark-six/results/2022-12-22
25/12/2022,2022,2,7,11,14,18,39,"8,000,000",0,https://lottery.hk/en/mark-six/results/2022-12-25
27/12/2022,2022,5,13,18,32,39,45,"12,000,000",0,https://lottery.hk/en/mark-six/results/2022-12-27
29/12/2022,2022,1,2,21,33,41,45,"18,000,000",0,https://lottery.hk/en/mark-six/results/2022-12-29
3/1/2023,2023,7,20,25,27,35,43,"86,256,300",1,https://lottery.hk/en/mark-six/results/2023-01-03
5/1/2023,2023,5,9,19,34,36,49,"8,000,000",1,https://lottery.hk/en/mark-six/results/2023-01-05
7/1/2023,2023,10,31,33,34,43,49,"8,000,000",0,https://lottery.hk/en/mark-six/results/2023-01-07
10/1/2023,2023,2,21,24,29,35,47,"12,000,000",0,https://lottery.hk/en/mark-six/results/2023-01-10
12/1/2023,2023,6,22,26,27,40,45,"20,000,000",0,https://lottery.hk/en/mark-six/results/2023-01-12
14/1/2023,2023,3,5,16,26,35,38,"14,321,080",2,https://lottery.hk/en/mark-six/results/2023-01-14
17/1/2023,2023,10,15,29,34,38,47,"8,000,000",0,https://lottery.hk/en/mark-six/results/2023-01-17
19/1/2023,2023,17,25,27,29,36,49,"12,000,000",0,https://lottery.hk/en/mark-six/results/2023-01-19
26/1/2023,2023,2,3,23,31,32,43,"92,400,130",0.5,https://lottery.hk/en/mark-six/results/2023-01-26
28/1/2023,2023,2,12,16,38,45,46,"57,000,000",0,https://lottery.hk/en/mark-six/results/2023-01-28
2/2/2023,2023,2,8,23,33,34,35,"56,039,410",1.5,https://lottery.hk/en/mark-six/results/2023-02-02
4/2/2023,2023,14,18,25,29,31,42,"8,000,000",0,https://lottery.hk/en/mark-six/results/2023-02-04
7/2/2023,2023,4,11,13,14,30,37,"12,000,000",0,https://lottery.hk/en/mark-six/results/2023-02-07
9/2/2023,2023,1,9,13,27,29,40,"20,000,000",0,https://lottery.hk/en/mark-six/results/2023-02-09
11/2/2023,2023,13,18,22,29,34,41,"31,022,110",1,https://lottery.hk/en/mark-six/results/2023-02-11
14/2/2023,2023,3,13,19,32,33,39,"8,000,000",0,https://lottery.hk/en/mark-six/results/2023-02-14
16/2/2023,2023,8,9,13,22,38,39,"5,289,720",2.5,https://lottery.hk/en/mark-six/results/2023-02-16
18/2/2023,2023,4,12,20,28,34,49,"8,000,000",0,https://lottery.hk/en/mark-six/results/2023-02-18
21/2/2023,2023,8,19,29,30,33,41,"12,000,000",0,https://lottery.hk/en/mark-six/results/2023-02-21
23/2/2023,2023,8,16,32,42,47,48,"20,000,000",0,https://lottery.hk/en/mark-six/results/2023-02-23
25/2/2023,2023,14,25,27,28,44,47,"30,000,000",0,https://lottery.hk/en/mark-six/results/2023-02-25
28/2/2023,2023,8,13,29,33,40,42,"41,228,280",1,https://lottery.hk/en/mark-six/results/2023-02-28
2/3/2023,2023,14,17,19,32,39,46,"8,000,000",0,https://lottery.hk/en/mark-six/results/2023-03-02
4/3/2023,2023,1,9,15,26,42,44,"13,000,000",0,https://lottery.hk/en/mark-six/results/2023-03-04
7/3/2023,2023,4,11,12,26,37,40,"22,000,000",0,https://lottery.hk/en/mark-six/results/2023-03-07
9/3/2023,2023,1,4,7,14,31,37,"27,975,670",0.5,https://lottery.hk/en/mark-six/results/2023-03-09
12/3/2023,2023,11,12,13,20,35,43,"19,000,000",0,https://lottery.hk/en/mark-six/results/2023-03-12
14/3/2023,2023,1,2,10,12,18,37,"27,000,000",0,https://lottery.hk/en/mark-six/results/2023-03-14
16/3/2023,2023,18,21,28,30,34,40,"35,000,000",0,https://lottery.hk/en/mark-six/results/2023-03-16
18/3/2023,2023,4,7,17,34,42,48,"48,270,680",1,https://lottery.hk/en/mark-six/results/2023-03-18
21/3/2023,2023,8,13,18,30,33,41,"5,333,330",1.5,https://lottery.hk/en/mark-six/results/2023-03-21
23/3/2023,2023,5,14,17,20,22,32,"8,000,000",0,https://lottery.hk/en/mark-six/results/2023-03-23
25/3/2023,2023,11,15,18,26,31,37,"15,024,910",1,https://lottery.hk/en/mark-six/results/2023-03-25
28/3/2023,2023,9,10,16,41,44,46,"8,000,000",0,https://lottery.hk/en/mark-six/results/2023-03-28
30/3/2023,2023,1,8,12,36,42,47,"14,000,000",0,https://lottery.hk/en/mark-six/results/2023-03-30
1/4/2023,2023,8,9,12,19,21,40,"21,000,000",0,https://lottery.hk/en/mark-six/results/2023-04-01
4/4/2023,2023,15,19,20,24,36,47,"27,000,000",0,https://lottery.hk/en/mark-six/results/2023-04-04
8/4/2023,2023,1,13,17,18,33,36,"12,168,880",3.5,https://lottery.hk/en/mark-six/results/2023-04-08
11/4/2023,2023,12,23,29,40,42,43,"8,000,000",0,https://lottery.hk/en/mark-six/results/2023-04-11
13/4/2023,2023,9,14,15,32,36,48,"13,000,000",0,https://lottery.hk/en/mark-six/results/2023-04-13
16/4/2023,2023,10,12,18,20,23,36,"23,293,190",1,https://lottery.hk/en/mark-six/results/2023-04-16
18/4/2023,2023,20,23,27,28,30,46,"8,000,000",0,https://lottery.hk/en/mark-six/results/2023-04-18
20/4/2023,2023,1,20,24,28,38,46,"12,000,000",0,https://lottery.hk/en/mark-six/results/2023-04-20
22/4/2023,2023,2,6,7,9,17,19,"7,602,480",2,https://lottery.hk/en/mark-six/results/2023-04-22
25/4/2023,2023,20,26,38,43,46,47,"8,000,000",0,https://lottery.hk/en/mark-six/results/2023-04-25
27/4/2023,2023,8,12,21,43,44,49,"15,042,030",1,https://lottery.hk/en/mark-six/results/2023-04-27
29/4/2023,2023,7,8,17,19,27,40,"8,000,000",1,https://lottery.hk/en/mark-six/results/2023-04-29
2/5/2023,2023,4,10,20,32,38,49,"8,000,000",1,https://lottery.hk/en/mark-six/results/2023-05-02
4/5/2023,2023,2,10,28,37,47,49,"8,000,000",0,https://lottery.hk/en/mark-six/results/2023-05-04
6/5/2023,2023,1,5,14,15,21,25,"12,530,890",1,https://lottery.hk/en/mark-six/results/2023-05-06
9/5/2023,2023,7,10,22,25,32,35,"8,000,000",0,https://lottery.hk/en/mark-six/results/2023-05-09
11/5/2023,2023,17,18,28,30,32,33,"13,000,000",0,https://lottery.hk/en/mark-six/results/2023-05-11
14/5/2023,2023,1,4,9,35,37,48,"22,308,760",1,https://lottery.hk/en/mark-six/results/2023-05-14
16/5/2023,2023,2,18,27,31,32,46,"8,000,000",0,https://lottery.hk/en/mark-six/results/2023-05-16
18/5/2023,2023,5,6,12,16,41,47,"12,000,000",0,https://lottery.hk/en/mark-six/results/2023-05-18
20/5/2023,2023,1,19,22,26,46,47,"18,000,000",0,https://lottery.hk/en/mark-six/results/2023-05-20
23/5/2023,2023,4,14,15,37,41,49,"26,000,000",0,https://lottery.hk/en/mark-six/results/2023-05-23
25/5/2023,2023,3,14,18,26,40,43,"35,000,000",0,https://lottery.hk/en/mark-six/results/2023-05-25
27/5/2023,2023,11,20,21,22,27,32,"49,073,940",1,https://lottery.hk/en/mark-six/results/2023-05-27
30/5/2023,2023,3,9,15,30,32,41,"8,000,000",1,https://lottery.hk/en/mark-six/results/2023-05-30
1/6/2023,2023,14,30,32,42,45,47,"8,000,000",1,https://lottery.hk/en/mark-six/results/2023-06-01
3/6/2023,2023,2,16,24,25,47,48,"8,000,000",0,https://lottery.hk/en/mark-six/results/2023-06-03
6/6/2023,2023,6,12,34,42,45,48,"12,000,000",0,https://lottery.hk/en/mark-six/results/2023-06-06
8/6/2023,2023,4,22,24,28,45,46,"20,000,000",0,https://lottery.hk/en/mark-six/results/2023-06-08
11/6/2023,2023,14,16,18,22,30,47,"28,000,000",0,https://lottery.hk/en/mark-six/results/2023-06-11
13/6/2023,2023,14,16,22,26,36,42,"40,948,040",1,https://lottery.hk/en/mark-six/results/2023-06-13
15/6/2023,2023,5,13,17,20,33,38,"8,000,000",0.5,https://lottery.hk/en/mark-six/results/2023-06-15
17/6/2023,2023,18,22,31,35,44,48,"8,000,000",0,https://lottery.hk/en/mark-six/results/2023-06-17
20/6/2023,2023,8,18,31,34,35,47,"13,000,000",0,https://lottery.hk/en/mark-six/results/2023-06-20
22/6/2023,2023,14,15,24,30,37,39,"38,000,000",0,https://lottery.hk/en/mark-six/results/2023-06-22
24/6/2023,2023,1,11,14,16,26,36,"56,344,000",0.5,https://lottery.hk/en/mark-six/results/2023-06-24
27/6/2023,2023,7,10,16,18,29,45,"35,000,000",0,https://lottery.hk/en/mark-six/results/2023-06-27
29/6/2023,2023,6,10,18,21,22,33,"19,056,090",2.5,https://lottery.hk/en/mark-six/results/2023-06-29
2/7/2023,2023,3,6,25,29,35,42,"8,000,000",0,https://lottery.hk/en/mark-six/results/2023-07-02
4/7/2023,2023,5,15,20,29,32,37,"13,000,000",0,https://lottery.hk/en/mark-six/results/2023-07-04
8/7/2023,2023,1,11,22,26,38,39,"25,256,940",0.5,https://lottery.hk/en/mark-six/results/2023-07-08
11/7/2023,2023,7,19,22,27,40,47,"18,000,000",0,https://lottery.hk/en/mark-six/results/2023-07-11
13/7/2023,2023,3,8,11,23,36,38,"24,082,090",0.5,https://lottery.hk/en/mark-six/results/2023-07-13
15/7/2023,2023,4,9,12,33,37,42,"17,000,000",0,https://lottery.hk/en/mark-six/results/2023-07-15
18/7/2023,2023,15,16,34,36,39,40,"26,751,000",1,https://lottery.hk/en/mark-six/results/2023-07-18
20/7/2023,2023,4,16,18,34,35,46,"8,000,000",0,https://lottery.hk/en/mark-six/results/2023-07-20
25/7/2023,2023,1,2,10,13,29,47,"21,616,130",2.5,https://lottery.hk/en/mark-six/results/2023-07-25
27/7/2023,2023,13,15,17,18,20,43,"8,000,000",0.5,https://lottery.hk/en/mark-six/results/2023-07-27
29/7/2023,2023,13,23,26,40,41,43,"8,000,000",0,https://lottery.hk/en/mark-six/results/2023-07-29
1/8/2023,2023,2,7,25,28,31,35,"13,000,000",0,https://lottery.hk/en/mark-six/results/2023-08-01
3/8/2023,2023,3,14,23,30,33,44,"20,000,000",0,https://lottery.hk/en/mark-six/results/2023-08-03
5/8/2023,2023,2,8,24,39,41,44,"29,063,330",1,https://lottery.hk/en/mark-six/results/2023-08-05
8/8/2023,2023,4,7,18,28,30,40,"8,000,000",0,https://lottery.hk/en/mark-six/results/2023-08-08
10/8/2023,2023,2,3,4,13,18,42,"12,000,000",0,https://lottery.hk/en/mark-six/results/2023-08-10
12/8/2023,2023,3,12,13,17,24,36,"18,000,000",0,https://lottery.hk/en/mark-six/results/2023-08-12
15/8/2023,2023,4,12,17,37,38,39,"13,292,970",2,https://lottery.hk/en/mark-six/results/2023-08-15
17/8/2023,2023,3,9,15,18,21,37,"8,000,000",0,https://lottery.hk/en/mark-six/results/2023-08-17
19/8/2023,2023,8,14,18,20,23,25,"6,369,920",2,https://lottery.hk/en/mark-six/results/2023-08-19
22/8/2023,2023,1,5,7,12,48,49,"8,000,000",1,https://lottery.hk/en/mark-six/results/2023-08-22
24/8/2023,2023,6,18,29,31,44,46,"8,000,000",0,https://lottery.hk/en/mark-six/results/2023-08-24
26/8/2023,2023,16,26,31,35,39,46,"12,000,000",0,https://lottery.hk/en/mark-six/results/2023-08-26
29/8/2023,2023,3,6,7,33,36,46,"20,215,930",1,https://lottery.hk/en/mark-six/results/2023-08-29
31/8/2023,2023,10,15,17,21,40,44,"8,000,000",1,https://lottery.hk/en/mark-six/results/2023-08-31
3/9/2023,2023,15,20,25,39,45,48,"8,000,000",0,https://lottery.hk/en/mark-six/results/2023-09-03
5/9/2023,2023,2,5,20,24,27,32,"12,000,000",0,https://lottery.hk/en/mark-six/results/2023-09-05
7/9/2023,2023,20,22,24,25,29,49,"18,000,000",0,https://lottery.hk/en/mark-six/results/2023-09-07
9/9/2023,2023,4,6,19,32,39,42,"26,000,000",0,https://lottery.hk/en/mark-six/results/2023-09-09
12/9/2023,2023,4,10,12,16,30,32,"34,785,090",1,https://lottery.hk/en/mark-six/results/2023-09-12
14/9/2023,2023,17,27,30,31,32,38,"8,000,000",0,https://lottery.hk/en/mark-six/results/2023-09-14
16/9/2023,2023,10,24,34,40,41,45,"12,000,000",0,https://lottery.hk/en/mark-six/results/2023-09-16
19/9/2023,2023,8,9,10,27,35,38,"21,000,000",0,https://lottery.hk/en/mark-six/results/2023-09-19
21/9/2023,2023,1,10,22,28,33,46,"29,000,000",0,https://lottery.hk/en/mark-six/results/2023-09-21
23/9/2023,2023,3,27,28,35,44,46,"35,000,000",0,https://lottery.hk/en/mark-six/results/2023-09-23
28/9/2023,2023,9,12,30,31,45,48,"87,091,760",0.5,https://lottery.hk/en/mark-six/results/2023-09-28
30/9/2023,2023,6,8,11,26,35,47,"52,000,000",0,https://lottery.hk/en/mark-six/results/2023-09-30
3/10/2023,2023,8,16,32,39,40,43,"47,871,870",1.5,https://lottery.hk/en/mark-six/results/2023-10-03
5/10/2023,2023,2,11,20,29,41,49,"8,000,000",0,https://lottery.hk/en/mark-six/results/2023-10-05
7/10/2023,2023,4,9,12,36,43,47,"13,755,970",1,https://lottery.hk/en/mark-six/results/2023-10-07
10/10/2023,2023,1,12,22,23,34,39,"8,000,000",1,https://lottery.hk/en/mark-six/results/2023-10-10
12/10/2023,2023,2,13,23,28,30,31,"8,000,000",0.5,https://lottery.hk/en/mark-six/results/2023-10-12
14/10/2023,2023,1,29,31,42,47,48,"8,000,000",0,https://lottery.hk/en/mark-six/results/2023-10-14
17/10/2023,2023,8,18,24,34,41,42,"14,000,000",0,https://lottery.hk/en/mark-six/results/2023-10-17
19/10/2023,2023,1,13,18,32,34,49,"22,000,000",0,https://lottery.hk/en/mark-six/results/2023-10-19
21/10/2023,2023,6,8,12,31,32,46,"30,402,240",1,https://lottery.hk/en/mark-six/results/2023-10-21
24/10/2023,2023,19,20,29,45,48,49,"8,000,000",0,https://lottery.hk/en/mark-six/results/2023-10-24
26/10/2023,2023,11,16,27,32,33,37,"15,461,650",1,https://lottery.hk/en/mark-six/results/2023-10-26
31/10/2023,2023,4,33,35,36,41,49,"57,679,340",1,https://lottery.hk/en/mark-six/results/2023-10-31
2/11/2023,2023,3,14,32,37,43,47,"8,000,000",0,https://lottery.hk/en/mark-six/results/2023-11-02
4/11/2023,2023,2,13,16,28,40,44,"13,000,000",0,https://lottery.hk/en/mark-six/results/2023-11-04
7/11/2023,2023,7,16,26,31,47,49,"21,842,120",0.5,https://lottery.hk/en/mark-six/results/2023-11-07
9/11/2023,2023,1,4,18,25,30,49,"19,982,510",0.5,https://lottery.hk/en/mark-six/results/2023-11-09
12/11/2023,2023,19,26,32,34,37,44,"18,000,000",0,https://lottery.hk/en/mark-six/results/2023-11-12
14/11/2023,2023,2,15,27,36,37,48,"24,000,000",0,https://lottery.hk/en/mark-six/results/2023-11-14
16/11/2023,2023,3,5,8,16,26,33,"16,459,630",2,https://lottery.hk/en/mark-six/results/2023-11-16
18/11/2023,2023,6,25,29,30,34,35,"8,000,000",1,https://lottery.hk/en/mark-six/results/2023-11-18
21/11/2023,2023,9,11,15,17,19,44,"8,000,000",0,https://lottery.hk/en/mark-six/results/2023-11-21
23/11/2023,2023,11,16,24,27,28,32,"13,171,710",1,https://lottery.hk/en/mark-six/results/2023-11-23
25/11/2023,2023,2,8,12,28,34,47,"8,000,000",0,https://lottery.hk/en/mark-six/results/2023-11-25
28/11/2023,2023,3,14,20,30,38,42,"14,213,450",1,https://lottery.hk/en/mark-six/results/2023-11-28
30/11/2023,2023,7,12,32,34,36,39,"8,000,000",0,https://lottery.hk/en/mark-six/results/2023-11-30
2/12/2023,2023,3,17,30,36,38,45,"15,000,000",0,https://lottery.hk/en/mark-six/results/2023-12-02
5/12/2023,2023,9,16,23,38,39,41,"21,000,000",0,https://lottery.hk/en/mark-six/results/2023-12-05
7/12/2023,2023,27,28,37,38,43,45,"29,000,000",0,https://lottery.hk/en/mark-six/results/2023-12-07
9/12/2023,2023,2,3,4,31,46,49,"38,000,000",0,https://lottery.hk/en/mark-six/results/2023-12-09
12/12/2023,2023,3,10,20,24,27,42,"50,000,000",0,https://lottery.hk/en/mark-six/results/2023-12-12
14/12/2023,2023,3,4,11,37,44,48,"66,000,000",0,https://lottery.hk/en/mark-six/results/2023-12-14
19/12/2023,2023,4,9,13,33,35,46,"61,757,860",1.5,https://lottery.hk/en/mark-six/results/2023-12-19
21/12/2023,2023,1,10,12,33,46,49,"8,000,000",0,https://lottery.hk/en/mark-six/results/2023-12-21
24/12/2023,2023,2,8,16,19,37,49,"13,000,000",0,https://lottery.hk/en/mark-six/results/2023-12-24
28/12/2023,2023,11,18,27,29,34,45,"20,000,000",0,https://lottery.hk/en/mark-six/results/2023-12-28
30/12/2023,2023,5,8,19,25,41,48,"29,000,000",0,https://lottery.hk/en/mark-six/results/2023-12-30
3/1/2024,2024,2,3,19,34,37,46,"80,000,000",0,https://lottery.hk/en/mark-six/results/2024-01-03
6/1/2024,2024,1,4,24,31,33,34,"73,616,970",1.5,https://lottery.hk/en/mark-six/results/2024-01-06
9/1/2024,2024,3,9,16,19,33,35,"8,000,000",1,https://lottery.hk/en/mark-six/results/2024-01-09
11/1/2024,2024,3,6,8,26,29,38,"8,000,000",0,https://lottery.hk/en/mark-six/results/2024-01-11
14/1/2024,2024,3,17,18,36,38,39,"13,000,000",0,https://lottery.hk/en/mark-six/results/2024-01-14
16/1/2024,2024,1,6,8,27,41,47,"20,000,000",0,https://lottery.hk/en/mark-six/results/2024-01-16
18/1/2024,2024,2,10,17,46,47,49,"30,000,000",0,https://lottery.hk/en/mark-six/results/2024-01-18
20/1/2024,2024,3,25,31,40,43,48,"41,969,540",1,https://lottery.hk/en/mark-six/results/2024-01-20
23/1/2024,2024,2,6,7,14,30,43,"8,000,000",0,https://lottery.hk/en/mark-six/results/2024-01-23
25/1/2024,2024,2,5,15,32,45,49,"14,132,260",1,https://lottery.hk/en/mark-six/results/2024-01-25
27/1/2024,2024,1,8,13,19,34,47,"8,000,000",1,https://lottery.hk/en/mark-six/results/2024-01-27
30/1/2024,2024,8,20,21,29,30,49,"8,000,000",0.5,https://lottery.hk/en/mark-six/results/2024-01-30
1/2/2024,2024,4,12,15,23,24,31,"9,000,000",0,https://lottery.hk/en/mark-six/results/2024-02-01
3/2/2024,2024,3,7,21,32,36,47,"18,000,000",0,https://lottery.hk/en/mark-six/results/2024-02-03
6/2/2024,2024,15,18,19,38,41,49,"25,000,000",0,https://lottery.hk/en/mark-six/results/2024-02-06
8/2/2024,2024,5,7,9,20,22,25,"34,474,930",0.5,https://lottery.hk/en/mark-six/results/2024-02-08
14/2/2024,2024,10,12,13,24,25,48,"82,413,940",1.5,https://lottery.hk/en/mark-six/results/2024-02-14
17/2/2024,2024,9,23,26,27,36,41,"8,000,000",1,https://lottery.hk/en/mark-six/results/2024-02-17
20/2/2024,2024,10,26,27,29,30,45,"8,000,000",0,https://lottery.hk/en/mark-six/results/2024-02-20
22/2/2024,2024,22,25,33,34,35,39,"14,341,020",1,https://lottery.hk/en/mark-six/results/2024-02-22
24/2/2024,2024,2,7,24,29,30,36,"8,000,000",0.5,https://lottery.hk/en/mark-six/results/2024-02-24
27/2/2024,2024,3,11,12,22,24,26,"9,000,000",0,https://lottery.hk/en/mark-six/results/2024-02-27
29/2/2024,2024,5,13,16,36,39,41,"14,000,000",0,https://lottery.hk/en/mark-six/results/2024-02-29
2/3/2024,2024,7,23,31,35,43,46,"25,000,000",0,https://lottery.hk/en/mark-six/results/2024-03-02
5/3/2024,2024,11,24,34,36,39,42,"36,000,000",0,https://lottery.hk/en/mark-six/results/2024-03-05
7/3/2024,2024,5,22,30,31,32,39,"48,000,000",0,https://lottery.hk/en/mark-six/results/2024-03-07
9/3/2024,2024,4,5,8,21,32,42,"64,000,000",0,https://lottery.hk/en/mark-six/results/2024-03-09
12/3/2024,2024,13,16,18,24,32,43,"88,597,560",0.5,https://lottery.hk/en/mark-six/results/2024-03-12
14/3/2024,2024,6,23,24,31,34,49,"54,000,000",0,https://lottery.hk/en/mark-six/results/2024-03-14
17/3/2024,2024,1,8,13,23,40,44,"76,086,400",1,https://lottery.hk/en/mark-six/results/2024-03-17
19/3/2024,2024,7,8,29,30,36,48,"8,000,000",0,https://lottery.hk/en/mark-six/results/2024-03-19
21/3/2024,2024,6,19,20,34,39,42,"7,675,880",2,https://lottery.hk/en/mark-six/results/2024-03-21
23/3/2024,2024,11,18,24,35,42,46,"8,000,000",0,https://lottery.hk/en/mark-six/results/2024-03-23
26/3/2024,2024,6,11,12,18,24,42,"15,000,000",0,https://lottery.hk/en/mark-six/results/2024-03-26
28/3/2024,2024,2,9,15,20,39,48,"22,142,760",1,https://lottery.hk/en/mark-six/results/2024-03-28
30/3/2024,2024,2,6,18,22,36,39,"41,051,450",0.5,https://lottery.hk/en/mark-six/results/2024-03-30
2/4/2024,2024,16,25,31,42,43,44,"28,000,000",0,https://lottery.hk/en/mark-six/results/2024-04-02
4/4/2024,2024,4,8,12,22,24,26,"14,659,460",2.5,https://lottery.hk/en/mark-six/results/2024-04-04
6/4/2024,2024,15,16,17,30,34,35,"8,000,000",1,https://lottery.hk/en/mark-six/results/2024-04-06
9/4/2024,2024,13,20,29,30,34,48,"8,000,000",1,https://lottery.hk/en/mark-six/results/2024-04-09
11/4/2024,2024,2,7,9,13,33,35,"8,000,000",0,https://lottery.hk/en/mark-six/results/2024-04-11
13/4/2024,2024,6,10,12,14,17,41,"13,644,070",0.5,https://lottery.hk/en/mark-six/results/2024-04-13
16/4/2024,2024,12,14,17,18,23,44,"15,000,000",0,https://lottery.hk/en/mark-six/results/2024-04-16
18/4/2024,2024,17,25,26,30,38,48,"22,000,000",0,https://lottery.hk/en/mark-six/results/2024-04-18
21/4/2024,2024,7,8,10,12,17,27,"7,909,880",3.5,https://lottery.hk/en/mark-six/results/2024-04-21
23/4/2024,2024,5,6,16,27,37,47,"5,333,330",1.5,https://lottery.hk/en/mark-six/results/2024-04-23
25/4/2024,2024,3,17,25,32,36,38,"8,000,000",0,https://lottery.hk/en/mark-six/results/2024-04-25
27/4/2024,2024,9,18,28,40,47,48,"14,000,000",0,https://lottery.hk/en/mark-six/results/2024-04-27
30/4/2024,2024,11,12,28,35,37,39,"21,000,000",0,https://lottery.hk/en/mark-six/results/2024-04-30
2/5/2024,2024,6,18,21,39,42,46,"30,000,000",0,https://lottery.hk/en/mark-six/results/2024-05-02
4/5/2024,2024,1,3,7,21,28,30,"15,089,930",2.5,https://lottery.hk/en/mark-six/results/2024-05-04
7/5/2024,2024,8,19,27,30,36,42,"8,000,000",0,https://lottery.hk/en/mark-six/results/2024-05-07
9/5/2024,2024,5,14,15,18,23,48,"14,000,000",0,https://lottery.hk/en/mark-six/results/2024-05-09
12/5/2024,2024,3,9,25,30,36,41,"21,736,320",1,https://lottery.hk/en/mark-six/results/2024-05-12
14/5/2024,2024,14,37,38,41,45,49,"8,000,000",0,https://lottery.hk/en/mark-six/results/2024-05-14
16/5/2024,2024,21,32,40,43,44,49,"14,000,000",0,https://lottery.hk/en/mark-six/results/2024-05-16
18/5/2024,2024,8,17,19,27,33,45,"22,000,000",0,https://lottery.hk/en/mark-six/results/2024-05-18
21/5/2024,2024,2,3,4,15,37,40,"28,000,000",0,https://lottery.hk/en/mark-six/results/2024-05-21
23/5/2024,2024,5,9,18,21,36,40,"36,769,230",1,https://lottery.hk/en/mark-six/results/2024-05-23
25/5/2024,2024,7,26,30,37,46,49,"8,000,000",0,https://lottery.hk/en/mark-six/results/2024-05-25
28/5/2024,2024,33,37,38,43,44,46,"12,000,000",0,https://lottery.hk/en/mark-six/results/2024-05-28
30/5/2024,2024,1,24,25,27,30,32,"18,000,000",0,https://lottery.hk/en/mark-six/results/2024-05-30
1/6/2024,2024,6,18,28,33,36,48,"23,177,670",1,https://lottery.hk/en/mark-six/results/2024-06-01
4/6/2024,2024,6,11,19,21,27,43,"8,000,000",0,https://lottery.hk/en/mark-six/results/2024-06-04
9/6/2024,2024,6,9,12,17,19,42,"50,000,000",0,https://lottery.hk/en/mark-six/results/2024-06-09
13/6/2024,2024,1,5,15,19,25,39,"67,718,480",1,https://lottery.hk/en/mark-six/results/2024-06-13
16/6/2024,2024,3,7,13,17,21,49,"8,000,000",0.5,https://lottery.hk/en/mark-six/results/2024-06-16
18/6/2024,2024,9,16,31,33,38,48,"9,000,000",0,https://lottery.hk/en/mark-six/results/2024-06-18
20/6/2024,2024,14,21,26,27,42,46,"15,063,020",1,https://lottery.hk/en/mark-six/results/2024-06-20
22/6/2024,2024,18,25,28,34,42,49,"8,000,000",0,https://lottery.hk/en/mark-six/results/2024-06-22
25/6/2024,2024,21,30,34,40,48,49,"13,000,000",0,https://lottery.hk/en/mark-six/results/2024-06-25
27/6/2024,2024,2,17,24,30,32,40,"22,491,580",0.5,https://lottery.hk/en/mark-six/results/2024-06-27
29/6/2024,2024,7,21,29,30,36,46,"15,000,000",0,https://lottery.hk/en/mark-six/results/2024-06-29
2/7/2024,2024,5,8,15,21,27,37,"21,000,000",0,https://lottery.hk/en/mark-six/results/2024-07-02
7/7/2024,2024,1,2,17,27,34,41,"27,000,000",0,https://lottery.hk/en/mark-six/results/2024-07-07
9/7/2024,2024,18,25,30,35,36,40,"37,000,000",0,https://lottery.hk/en/mark-six/results/2024-07-09
11/7/2024,2024,8,20,29,33,34,44,"48,800,550",0.5,https://lottery.hk/en/mark-six/results/2024-07-11
13/7/2024,2024,17,21,24,27,29,48,"29,000,000",0,https://lottery.hk/en/mark-six/results/2024-07-13
16/7/2024,2024,11,13,17,34,40,47,"39,000,000",0,https://lottery.hk/en/mark-six/results/2024-07-16
18/7/2024,2024,11,12,18,28,29,30,"23,269,430",2,https://lottery.hk/en/mark-six/results/2024-07-18
20/7/2024,2024,17,18,31,33,39,41,"8,000,000",1,https://lottery.hk/en/mark-six/results/2024-07-20
23/7/2024,2024,12,13,24,25,27,34,"8,000,000",0,https://lottery.hk/en/mark-six/results/2024-07-23
25/7/2024,2024,3,16,18,26,43,45,"13,000,000",0,https://lottery.hk/en/mark-six/results/2024-07-25
30/7/2024,2024,6,7,17,20,21,25,"49,808,800",1,https://lottery.hk/en/mark-six/results/2024-07-30
1/8/2024,2024,2,9,16,39,43,46,"8,000,000",1,https://lottery.hk/en/mark-six/results/2024-08-01
3/8/2024,2024,5,6,8,22,26,44,"8,000,000",1,https://lottery.hk/en/mark-six/results/2024-08-03
6/8/2024,2024,3,4,7,13,27,41,"8,000,000",0.5,https://lottery.hk/en/mark-six/results/2024-08-06
8/8/2024,2024,3,6,7,8,11,29,"2,000,000",4,https://lottery.hk/en/mark-six/results/2024-08-08
10/8/2024,2024,8,12,21,35,44,45,"8,000,000",0.5,https://lottery.hk/en/mark-six/results/2024-08-10
13/8/2024,2024,7,9,20,21,30,35,"8,071,050",1,https://lottery.hk/en/mark-six/results/2024-08-13
15/8/2024,2024,3,16,33,35,39,44,"8,000,000",0,https://lottery.hk/en/mark-six/results/2024-08-15
17/8/2024,2024,6,13,19,21,26,28,"11,836,290",1,https://lottery.hk/en/mark-six/results/2024-08-17
20/8/2024,2024,1,4,16,26,39,49,"4,000,000",2,https://lottery.hk/en/mark-six/results/2024-08-20
22/8/2024,2024,8,9,16,21,32,33,"8,000,000",1,https://lottery.hk/en/mark-six/results/2024-08-22
24/8/2024,2024,9,15,19,28,31,41,"8,000,000",0,https://lottery.hk/en/mark-six/results/2024-08-24
27/8/2024,2024,2,15,23,33,34,39,"8,000,000",0,https://lottery.hk/en/mark-six/results/2024-08-27
29/8/2024,2024,6,7,18,24,28,29,"13,080,890",1.5,https://lottery.hk/en/mark-six/results/2024-08-29
31/8/2024,2024,2,21,34,36,41,47,"20,000,000",0,https://lottery.hk/en/mark-six/results/2024-08-31
3/9/2024,2024,2,3,7,25,46,48,"8,000,000",0,https://lottery.hk/en/mark-six/results/2024-09-03
7/9/2024,2024,5,24,26,32,35,40,"22,000,000",0,https://lottery.hk/en/mark-six/results/2024-09-07
10/9/2024,2024,1,12,16,20,21,30,"27,998,840",1,https://lottery.hk/en/mark-six/results/2024-09-10
12/9/2024,2024,14,18,20,25,32,43,"28,000,000",0,https://lottery.hk/en/mark-six/results/2024-09-12
17/9/2024,2024,5,18,21,24,27,44,"50,366,360",1.5,https://lottery.hk/en/mark-six/results/2024-09-17
19/9/2024,2024,5,18,21,24,44,47,"8,000,000",1,https://lottery.hk/en/mark-six/results/2024-09-19
21/9/2024,2024,2,3,14,25,27,36,"8,000,000",0,https://lottery.hk/en/mark-six/results/2024-09-21
24/9/2024,2024,9,17,28,31,40,49,"12,000,000",0,https://lottery.hk/en/mark-six/results/2024-09-24
26/9/2024,2024,2,4,29,35,38,49,"18,000,000",0,https://lottery.hk/en/mark-six/results/2024-09-26
2/10/2024,2024,8,15,21,32,43,47,"75,000,000",0,https://lottery.hk/en/mark-six/results/2024-10-02
8/10/2024,2024,10,16,24,32,37,40,"30,972,690",3.5,https://lottery.hk/en/mark-six/results/2024-10-08
10/10/2024,2024,10,33,35,40,44,48,"8,000,000",0,https://lottery.hk/en/mark-six/results/2024-10-10
12/10/2024,2024,4,8,9,19,20,48,"12,000,000",0,https://lottery.hk/en/mark-six/results/2024-10-12
15/10/2024,2024,19,36,37,43,44,49,"17,000,000",0,https://lottery.hk/en/mark-six/results/2024-10-15
17/10/2024,2024,11,17,22,26,33,46,"24,000,000",0,https://lottery.hk/en/mark-six/results/2024-10-17
22/10/2024,2024,13,21,28,30,41,49,"70,000,000",0,https://lottery.hk/en/mark-six/results/2024-10-22
28/10/2024,2024,5,6,13,15,36,49,"33,625,630",3,https://lottery.hk/en/mark-six/results/2024-10-28
31/10/2024,2024,7,13,16,22,23,31,"8,000,000",0.5,https://lottery.hk/en/mark-six/results/2024-10-31
2/11/2024,2024,14,16,25,40,41,45,"8,000,000",0,https://lottery.hk/en/mark-six/results/2024-11-02
5/11/2024,2024,7,11,13,24,27,31,"13,569,080",1,https://lottery.hk/en/mark-six/results/2024-11-05
7/11/2024,2024,11,17,33,36,40,44,"8,000,000",0,https://lottery.hk/en/mark-six/results/2024-11-07
10/11/2024,2024,3,20,24,27,30,42,"13,105,110",1,https://lottery.hk/en/mark-six/results/2024-11-10
12/11/2024,2024,5,13,22,27,45,46,"8,000,000",0,https://lottery.hk/en/mark-six/results/2024-11-12
14/11/2024,2024,8,14,20,28,36,39,"12,000,000",0,https://lottery.hk/en/mark-six/results/2024-11-14
16/11/2024,2024,1,3,7,19,31,38,"19,000,000",0,https://lottery.hk/en/mark-six/results/2024-11-16
19/11/2024,2024,19,32,36,38,39,47,"24,000,000",0,https://lottery.hk/en/mark-six/results/2024-11-19
21/11/2024,2024,1,3,6,14,32,34,"29,000,000",0,https://lottery.hk/en/mark-six/results/2024-11-21
23/11/2024,2024,1,2,7,14,15,25,"40,000,000",0,https://lottery.hk/en/mark-six/results/2024-11-23
26/11/2024,2024,8,11,12,28,29,44,"31,396,100",1.5,https://lottery.hk/en/mark-six/results/2024-11-26
28/11/2024,2024,9,15,26,32,33,44,"8,000,000",0,https://lottery.hk/en/mark-six/results/2024-11-28
30/11/2024,2024,10,14,23,24,33,41,"12,000,000",0,https://lottery.hk/en/mark-six/results/2024-11-30
3/12/2024,2024,2,13,15,17,22,28,"18,000,000",0,https://lottery.hk/en/mark-six/results/2024-12-03
5/12/2024,2024,5,12,27,29,38,40,"24,000,000",0,https://lottery.hk/en/mark-six/results/2024-12-05
7/12/2024,2024,1,15,18,33,34,39,"29,000,000",0,https://lottery.hk/en/mark-six/results/2024-12-07
10/12/2024,2024,3,18,24,33,43,44,"19,566,290",2,https://lottery.hk/en/mark-six/results/2024-12-10
12/12/2024,2024,10,14,16,21,37,49,"8,000,000",0,https://lottery.hk/en/mark-six/results/2024-12-12
14/12/2024,2024,1,16,18,36,37,46,"13,000,000",0,https://lottery.hk/en/mark-six/results/2024-12-14
17/12/2024,2024,9,11,23,26,30,48,"20,000,000",0,https://lottery.hk/en/mark-six/results/2024-12-17
19/12/2024,2024,1,2,3,36,37,41,"25,000,000",0,https://lottery.hk/en/mark-six/results/2024-12-19
21/12/2024,2024,14,20,21,22,23,30,"32,000,000",0,https://lottery.hk/en/mark-six/results/2024-12-21
24/12/2024,2024,8,11,18,23,25,41,"42,000,000",0,https://lottery.hk/en/mark-six/results/2024-12-24
28/12/2024,2024,1,3,5,18,26,35,"53,000,000",0,https://lottery.hk/en/mark-six/results/2024-12-28
2/1/2025,2025,9,23,42,44,45,46,"100,000,000",0,https://lottery.hk/en/mark-six/results/2025-01-02
7/1/2025,2025,8,13,18,23,31,47,"69,234,020",2,https://lottery.hk/en/mark-six/results/2025-01-07
9/1/2025,2025,1,19,28,33,35,41,"8,000,000",0,https://lottery.hk/en/mark-six/results/2025-01-09
11/1/2025,2025,8,15,26,27,30,35,"13,000,000",0,https://lottery.hk/en/mark-six/results/2025-01-11
14/1/2025,2025,3,5,11,12,18,48,"20,000,000",0,https://lottery.hk/en/mark-six/results/2025-01-14
16/1/2025,2025,1,3,4,19,38,45,"25,000,000",0,https://lottery.hk/en/mark-six/results/2025-01-16
18/1/2025,2025,3,4,6,12,18,32,"33,461,440",0.5,https://lottery.hk/en/mark-six/results/2025-01-18
21/1/2025,2025,16,22,33,43,48,49,"24,588,320",1,https://lottery.hk/en/mark-six/results/2025-01-21
23/1/2025,2025,3,6,24,25,34,37,"8,000,000",0,https://lottery.hk/en/mark-six/results/2025-01-23
25/1/2025,2025,7,14,19,31,36,45,"7,578,090",2,https://lottery.hk/en/mark-six/results/2025-01-25
2/2/2025,2025,14,18,30,36,40,42,"193,762,620",1,https://lottery.hk/en/mark-six/results/2025-02-02
4/2/2025,2025,3,13,15,18,19,24,"8,000,000",0,https://lottery.hk/en/mark-six/results/2025-02-04
6/2/2025,2025,1,4,18,25,38,45,"13,000,000",0,https://lottery.hk/en/mark-six/results/2025-02-06
8/2/2025,2025,1,7,21,27,33,45,"19,000,000",0,https://lottery.hk/en/mark-six/results/2025-02-08
11/2/2025,2025,5,15,20,26,30,40,"27,165,300",1,https://lottery.hk/en/mark-six/results/2025-02-11
13/2/2025,2025,5,26,29,32,42,45,"8,000,000",0,https://lottery.hk/en/mark-six/results/2025-02-13
15/2/2025,2025,1,8,21,25,29,34,"12,000,000",0,https://lottery.hk/en/mark-six/results/2025-02-15
18/2/2025,2025,3,7,13,35,37,39,"18,000,000",0,https://lottery.hk/en/mark-six/results/2025-02-18
20/2/2025,2025,13,20,22,27,41,44,"25,000,000",0,https://lottery.hk/en/mark-six/results/2025-02-20
22/2/2025,2025,14,15,20,27,41,44,"32,000,000",0,https://lottery.hk/en/mark-six/results/2025-02-22
25/2/2025,2025,1,2,6,11,40,47,"43,865,730",1,https://lottery.hk/en/mark-six/results/2025-02-25
27/2/2025,2025,7,11,15,17,25,28,"8,000,000",0,https://lottery.hk/en/mark-six/results/2025-02-27
1/3/2025,2025,4,15,22,25,29,42,"13,000,000",0,https://lottery.hk/en/mark-six/results/2025-03-01
4/3/2025,2025,1,9,14,38,42,43,"20,000,000",0,https://lottery.hk/en/mark-six/results/2025-03-04
6/3/2025,2025,4,11,19,20,30,39,"28,000,000",0,https://lottery.hk/en/mark-six/results/2025-03-06
8/3/2025,2025,19,25,26,29,32,39,"36,000,000",0,https://lottery.hk/en/mark-six/results/2025-03-08
11/3/2025,2025,1,4,9,14,21,37,"46,000,000",0,https://lottery.hk/en/mark-six/results/2025-03-11
13/3/2025,2025,4,16,19,21,26,29,"56,000,000",0,https://lottery.hk/en/mark-six/results/2025-03-13
16/3/2025,2025,29,30,36,41,48,49,"72,097,390",1,https://lottery.hk/en/mark-six/results/2025-03-16
18/3/2025,2025,6,8,24,26,29,45,"8,000,000",0.5,https://lottery.hk/en/mark-six/results/2025-03-18
20/3/2025,2025,16,20,21,24,39,43,"9,000,000",0,https://lottery.hk/en/mark-six/results/2025-03-20
22/3/2025,2025,12,23,24,27,36,46,"16,462,730",0.5,https://lottery.hk/en/mark-six/results/2025-03-22
25/3/2025,2025,8,11,17,36,43,48,"14,000,000",0,https://lottery.hk/en/mark-six/results/2025-03-25
27/3/2025,2025,10,19,35,44,47,49,"22,766,170",1,https://lottery.hk/en/mark-six/results/2025-03-27
29/3/2025,2025,3,5,12,13,45,47,"8,000,000",0,https://lottery.hk/en/mark-six/results/2025-03-29
1/4/2025,2025,6,14,17,30,35,42,"12,000,000",0,https://lottery.hk/en/mark-six/results/2025-04-01
3/4/2025,2025,2,4,7,29,32,40,"20,000,000",0,https://lottery.hk/en/mark-six/results/2025-04-03
5/4/2025,2025,7,11,22,26,39,44,"27,684,470",1,https://lottery.hk/en/mark-six/results/2025-04-05
8/4/2025,2025,11,17,20,27,36,48,"8,000,000",0,https://lottery.hk/en/mark-six/results/2025-04-08
10/4/2025,2025,11,22,23,26,32,35,"12,000,000",0,https://lottery.hk/en/mark-six/results/2025-04-10
12/4/2025,2025,19,21,34,36,47,49,"18,481,150",1,https://lottery.hk/en/mark-six/results/2025-04-12
15/4/2025,2025,10,20,21,22,23,42,"8,000,000",0.5,https://lottery.hk/en/mark-six/results/2025-04-15
19/4/2025,2025,1,11,24,37,45,49,"34,252,320",1.5,https://lottery.hk/en/mark-six/results/2025-04-19
22/4/2025,2025,3,7,11,20,23,27,"8,000,000",0,https://lottery.hk/en/mark-six/results/2025-04-22
24/4/2025,2025,12,16,21,35,44,48,"12,000,000",0,https://lottery.hk/en/mark-six/results/2025-04-24
26/4/2025,2025,11,15,18,21,29,40,"18,000,000",0,https://lottery.hk/en/mark-six/results/2025-04-26
29/4/2025,2025,20,21,24,30,32,38,"24,000,000",0,https://lottery.hk/en/mark-six/results/2025-04-29
1/5/2025,2025,4,7,21,32,41,47,"34,540,820",1,https://lottery.hk/en/mark-six/results/2025-05-01
3/5/2025,2025,18,20,30,35,47,49,"8,000,000",0,https://lottery.hk/en/mark-six/results/2025-05-03
6/5/2025,2025,12,15,25,26,29,41,"14,849,970",0.5,https://lottery.hk/en/mark-six/results/2025-05-06
8/5/2025,2025,6,11,17,22,27,43,"13,858,970",1,https://lottery.hk/en/mark-six/results/2025-05-08
11/5/2025,2025,19,26,28,29,46,49,"8,000,000",0,https://lottery.hk/en/mark-six/results/2025-05-11
13/5/2025,2025,13,26,27,41,45,49,"13,225,160",0.5,https://lottery.hk/en/mark-six/results/2025-05-13
15/5/2025,2025,6,12,29,32,34,46,"10,000,000",0,https://lottery.hk/en/mark-six/results/2025-05-15
17/5/2025,2025,12,22,27,29,32,34,"15,000,000",0,https://lottery.hk/en/mark-six/results/2025-05-17
20/5/2025,2025,10,15,28,31,34,40,"21,000,000",0,https://lottery.hk/en/mark-six/results/2025-05-20
22/5/2025,2025,4,11,26,29,34,35,"28,000,000",0,https://lottery.hk/en/mark-six/results/2025-05-22
24/5/2025,2025,6,14,15,19,45,47,"34,000,000",0,https://lottery.hk/en/mark-six/results/2025-05-24
29/5/2025,2025,5,6,16,21,24,35,"55,487,500",1,https://lottery.hk/en/mark-six/results/2025-05-29
1/6/2025,2025,12,16,28,29,38,47,"8,000,000",1,https://lottery.hk/en/mark-six/results/2025-06-01
3/6/2025,2025,1,2,13,15,41,46,"8,000,000",1,https://lottery.hk/en/mark-six/results/2025-06-03
5/6/2025,2025,18,22,24,33,39,44,"8,000,000",0,https://lottery.hk/en/mark-six/results/2025-06-05
7/6/2025,2025,9,15,27,30,34,39,"12,932,520",1,https://lottery.hk/en/mark-six/results/2025-06-07
10/6/2025,2025,9,13,35,40,45,46,"8,000,000",0,https://lottery.hk/en/mark-six/results/2025-06-10
12/6/2025,2025,6,25,32,36,39,45,"13,000,000",0,https://lottery.hk/en/mark-six/results/2025-06-12
17/6/2025,2025,5,19,30,40,44,45,"52,649,310",1,https://lottery.hk/en/mark-six/results/2025-06-17
19/6/2025,2025,7,12,13,18,34,35,"8,000,000",1,https://lottery.hk/en/mark-six/results/2025-06-19
21/6/2025,2025,2,4,19,27,31,39,"8,000,000",1,https://lottery.hk/en/mark-six/results/2025-06-21
24/6/2025,2025,3,21,28,33,45,49,"8,000,000",1,https://lottery.hk/en/mark-six/results/2025-06-24
26/6/2025,2025,9,11,23,24,29,49,"8,000,000",0,https://lottery.hk/en/mark-six/results/2025-06-26
29/6/2025,2025,19,29,32,34,42,46,"12,000,000",0,https://lottery.hk/en/mark-six/results/2025-06-29
3/7/2025,2025,7,17,24,35,37,45,"18,000,000",0,https://lottery.hk/en/mark-six/results/2025-07-03
6/7/2025,2025,5,9,22,33,46,47,"25,000,000",0,https://lottery.hk/en/mark-six/results/2025-07-06
8/7/2025,2025,13,16,17,22,23,35,"32,000,000",0,https://lottery.hk/en/mark-six/results/2025-07-08
10/7/2025,2025,6,13,23,25,32,39,"42,939,840",1,https://lottery.hk/en/mark-six/results/2025-07-10
12/7/2025,2025,5,17,20,24,27,35,"8,000,000",0,https://lottery.hk/en/mark-six/results/2025-07-12
15/7/2025,2025,9,12,23,30,31,44,"14,512,800",1,https://lottery.hk/en/mark-six/results/2025-07-15
17/7/2025,2025,12,19,31,37,42,45,"8,000,000",0,https://lottery.hk/en/mark-six/results/2025-07-17
19/7/2025,2025,6,25,29,40,48,49,"13,331,910",0.5,https://lottery.hk/en/mark-six/results/2025-07-19
21/7/2025,2025,17,20,28,31,35,48,"10,205,890",1,https://lottery.hk/en/mark-six/results/2025-07-21
26/7/2025,2025,19,22,25,32,33,45,"53,095,300",1,https://lottery.hk/en/mark-six/results/2025-07-26
29/7/2025,2025,9,11,17,28,35,43,"8,000,000",0,https://lottery.hk/en/mark-six/results/2025-07-29
31/7/2025,2025,10,21,23,27,35,47,"12,926,330",1,https://lottery.hk/en/mark-six/results/2025-07-31
2/8/2025,2025,10,14,18,21,34,44,"8,000,000",0,https://lottery.hk/en/mark-six/results/2025-08-02
7/8/2025,2025,3,7,25,29,37,39,"12,000,000",0,https://lottery.hk/en/mark-six/results/2025-08-07
9/8/2025,2025,25,36,44,45,48,49,"21,443,510",0.5,https://lottery.hk/en/mark-six/results/2025-08-09
12/8/2025,2025,8,16,18,28,29,32,"7,783,550",2,https://lottery.hk/en/mark-six/results/2025-08-12
14/8/2025,2025,1,13,25,27,31,34,"8,000,000",0,https://lottery.hk/en/mark-six/results/2025-08-14
16/8/2025,2025,4,10,15,20,32,38,"12,000,000",0,https://lottery.hk/en/mark-six/results/2025-08-16
19/8/2025,2025,28,32,34,37,45,49,"18,419,800",1,https://lottery.hk/en/mark-six/results/2025-08-19
21/8/2025,2025,6,8,10,23,32,45,"8,000,000",1,https://lottery.hk/en/mark-six/results/2025-08-21
23/8/2025,2025,17,22,26,36,39,45,"8,000,000",0,https://lottery.hk/en/mark-six/results/2025-08-23
26/8/2025,2025,2,3,16,25,38,48,"13,000,000",0,https://lottery.hk/en/mark-six/results/2025-08-26
28/8/2025,2025,5,36,39,44,48,49,"20,000,000",0,https://lottery.hk/en/mark-six/results/2025-08-28
30/8/2025,2025,6,18,31,33,44,49,"28,000,000",0,https://lottery.hk/en/mark-six/results/2025-08-30
2/9/2025,2025,5,18,23,24,29,49,"32,000,000",0,https://lottery.hk/en/mark-six/results/2025-09-02
6/9/2025,2025,6,19,22,23,34,43,"78,176,980",0.5,https://lottery.hk/en/mark-six/results/2025-09-06
9/9/2025,2025,7,15,32,40,42,44,"47,000,000",0,https://lottery.hk/en/mark-six/results/2025-09-09
11/9/2025,2025,11,21,22,25,32,44,"61,448,360",1,https://lottery.hk/en/mark-six/results/2025-09-11
13/9/2025,2025,15,21,23,37,47,49,"8,000,000",0,https://lottery.hk/en/mark-six/results/2025-09-13
16/9/2025,2025,14,21,22,28,32,33,"13,369,530",1,https://lottery.hk/en/mark-six/results/2025-09-16
18/9/2025,2025,22,33,35,36,37,48,"8,000,000",0.5,https://lottery.hk/en/mark-six/results/2025-09-18
20/9/2025,2025,8,13,17,24,36,43,"8,000,000",0,https://lottery.hk/en/mark-six/results/2025-09-20
25/9/2025,2025,2,11,22,27,46,47,"16,000,000",0,https://lottery.hk/en/mark-six/results/2025-09-25
27/9/2025,2025,8,14,16,18,26,48,"21,987,270",0.5,https://lottery.hk/en/mark-six/results/2025-09-27
30/9/2025,2025,13,21,33,41,44,46,"8,625,000",2,https://lottery.hk/en/mark-six/results/2025-09-30
6/10/2025,2025,15,17,19,23,24,34,"54,640,510",1.5,https://lottery.hk/en/mark-six/results/2025-10-06
9/10/2025,2025,1,3,24,31,39,45,"8,000,000",0,https://lottery.hk/en/mark-six/results/2025-10-09
11/10/2025,2025,5,6,18,19,30,39,"12,187,540",1,https://lottery.hk/en/mark-six/results/2025-10-11
14/10/2025,2025,3,15,17,24,32,44,"8,000,000",0,https://lottery.hk/en/mark-six/results/2025-10-14
16/10/2025,2025,2,11,32,40,43,48,"12,000,000",0,https://lottery.hk/en/mark-six/results/2025-10-16
18/10/2025,2025,5,13,17,18,31,44,"18,000,000",0,https://lottery.hk/en/mark-six/results/2025-10-18
21/10/2025,2025,1,8,9,11,18,32,"25,000,000",0,https://lottery.hk/en/mark-six/results/2025-10-21
23/10/2025,2025,4,19,24,25,26,46,"30,000,000",0,https://lottery.hk/en/mark-six/results/2025-10-23
25/10/2025,2025,6,7,27,36,39,43,"40,000,000",0,https://lottery.hk/en/mark-six/results/2025-10-25
28/10/2025,2025,4,7,15,21,45,46,"51,565,110",1,https://lottery.hk/en/mark-six/results/2025-10-28
4/11/2025,2025,19,20,26,28,39,44,"34,096,060",2,https://lottery.hk/en/mark-six/results/2025-11-04
6/11/2025,2025,10,17,22,33,40,41,"25,000,000",0,https://lottery.hk/en/mark-six/results/2025-11-06
8/11/2025,2025,7,9,16,17,33,46,"30,000,000",0,https://lottery.hk/en/mark-six/results/2025-11-08
11/11/2025,2025,18,20,28,37,38,40,"40,000,000",0,https://lottery.hk/en/mark-six/results/2025-11-11
13/11/2025,2025,10,11,28,30,37,39,"25,000,000",0,https://lottery.hk/en/mark-six/results/2025-11-13
16/11/2025,2025,2,11,13,28,38,47,"32,000,000",0,https://lottery.hk/en/mark-six/results/2025-11-16
18/11/2025,2025,2,4,10,26,28,36,"43,000,000",0,https://lottery.hk/en/mark-six/results/2025-11-18
20/11/2025,2025,19,26,33,35,36,39,"52,000,000",0,https://lottery.hk/en/mark-six/results/2025-11-20
25/11/2025,2025,1,2,17,35,37,48,"68,000,000",0,https://lottery.hk/en/mark-six/results/2025-11-25
2/12/2025,2025,6,18,29,34,37,38,"88,000,000",0,https://lottery.hk/en/mark-six/results/2025-12-02
6/12/2025,2025,4,6,26,28,34,40,"122,430,150",0.5,https://lottery.hk/en/mark-six/results/2025-12-06
11/12/2025,2025,1,5,6,25,30,42,"82,123,790",1,https://lottery.hk/en/mark-six/results/2025-12-11
13/12/2025,2025,10,17,19,28,45,49,"8,000,000",0.5,https://lottery.hk/en/mark-six/results/2025-12-13
16/12/2025,2025,3,12,23,28,35,38,"8,831,150",1,https://lottery.hk/en/mark-six/results/2025-12-16
18/12/2025,2025,6,23,28,31,33,34,"8,000,000",0,https://lottery.hk/en/mark-six/results/2025-12-18
21/12/2025,2025,9,17,27,34,39,47,"13,000,000",0,https://lottery.hk/en/mark-six/results/2025-12-21
25/12/2025,2025,1,2,4,30,41,43,"20,000,000",0,https://lottery.hk/en/mark-six/results/2025-12-25
28/12/2025,2025,7,10,11,19,25,30,"20,594,740",1.5,https://lottery.hk/en/mark-six/results/2025-12-28
3/1/2026,2026,2,10,13,16,20,21,"68,074,450",1.5,https://lottery.hk/en/mark-six/results/2026-01-03
6/1/2026,2026,2,8,12,19,28,36,"8,000,000",0,https://lottery.hk/en/mark-six/results/2026-01-06
8/1/2026,2026,15,21,24,40,45,46,"13,667,750",1,https://lottery.hk/en/mark-six/results/2026-01-08
10/1/2026,2026,3,16,20,22,24,37,"8,000,000",0,https://lottery.hk/en/mark-six/results/2026-01-10
13/1/2026,2026,14,24,34,38,48,49,"15,000,000",0,https://lottery.hk/en/mark-six/results/2026-01-13
15/1/2026,2026,3,6,37,38,39,44,"23,000,000",0,https://lottery.hk/en/mark-six/results/2026-01-15
17/1/2026,2026,5,12,15,23,27,42,"31,000,000",0,https://lottery.hk/en/mark-six/results/2026-01-17
20/1/2026,2026,1,4,6,9,44,46,"7,948,200",5,https://lottery.hk/en/mark-six/results/2026-01-20
22/1/2026,2026,4,9,15,24,27,31,"8,000,000",0,https://lottery.hk/en/mark-six/results/2026-01-22
24/1/2026,2026,6,16,17,22,28,48,"13,000,000",0,https://lottery.hk/en/mark-six/results/2026-01-24
27/1/2026,2026,7,12,14,25,38,47,"23,000,000",0,https://lottery.hk/en/mark-six/results/2026-01-27
29/1/2026,2026,6,9,12,14,35,44,"31,000,000",0,https://lottery.hk/en/mark-six/results/2026-01-29
31/1/2026,2026,25,30,32,35,36,47,"40,000,000",0,https://lottery.hk/en/mark-six/results/2026-01-31
3/2/2026,2026,12,23,27,37,39,42,"23,276,930",2,https://lottery.hk/en/mark-six/results/2026-02-03
5/2/2026,2026,1,9,17,24,35,36,"8,000,000",0,https://lottery.hk/en/mark-six/results/2026-02-05
7/2/2026,2026,12,22,28,32,37,44,"13,000,000",0,https://lottery.hk/en/mark-six/results/2026-02-07
10/2/2026,2026,3,4,14,18,26,39,"20,125,190",1,https://lottery.hk/en/mark-six/results/2026-02-10
12/2/2026,2026,2,3,14,25,37,46,"8,000,000",0,https://lottery.hk/en/mark-six/results/2026-02-12
15/2/2026,2026,8,28,33,36,37,46,"13,000,000",0,https://lottery.hk/en/mark-six/results/2026-02-15
